# kQSO callsign DB | set=awards | version=1 | updated=2026-09-24
F5PYI			3
OH1MM			3
VK2IO			3
VK3PF			3
7N1FRE			2
DD1LD			2
DF2QZ			2
DH4PSG			2
DJ1SD			2
DL3NM			2
EA5JN			2
F5JKK			2
F6OYU			2
G0RQL			2
I0KHY			2
IK1GPG			2
IK2JTS			2
IK2LEY			2
IK4IDF			2
IK6BAK			2
IN3NJB			2
K8GQ			2
KD1CT			2
KT5H			2
N2BTD			2
N3XLS			2
N4EX			2
OH6GAZ			2
OM1AX			2
OM5TX			2
ON4CB			2
PA0B			2
SM3NRY			2
SP2SV			2
SP5XTY			2
SP6OJG			2
SP7MW			2
SP9XG			2
SQ9CWO			2
SQ9MDF			2
UT5PI			2
VK1AO			2
WF4I			2
YO6CFB			2
2E0AGB			1
2E0ESY			1
2E0FEH			1
2W0JMK			1
3Z9VI			1
6K2FJJ			1
7L1CAK			1
7M4QZE			1
7N1ICA			1
9A1DX			1
9A2GA			1
9A2KI			1
AA0BW			1
AA3OO			1
AA3TZ			1
AA4AI			1
AA5EY			1
AA5HH			1
AA5UZ			1
AA7OY			1
AB2SG			1
AB4BL			1
AB4KN			1
AB4PP			1
AB6GS			1
AB8GJ			1
AB8LL			1
AC1RH			1
AC1Z			1
AC3LX			1
AC3NQ			1
AC4FS			1
AC4XF			1
AC5K			1
AC5O			1
AC7P			1
AC8NM			1
AD0WN			1
AD2CD			1
AD2MM			1
AD4GG			1
AD8KB			1
AD9WZ			1
AE1JS			1
AE1MS			1
AE4GW			1
AE7I			1
AF0E			1
AF0FC			1
AK2G			1
AK4BB			1
AK5SD			1
AK9A			1
AL7KC			1
BX8AAD			1
CT1EHX			1
CT1GFK			1
CT2HOV			1
CT7AWH			1
CU3HN			1
DA1HM			1
DC0RB			1
DC6PK			1
DC7WC			1
DC8YZ			1
DF1AI			1
DF1VB			1
DF7TF			1
DF7TR			1
DG0JMB			1
DG1NPM			1
DG2RON			1
DG3GAI			1
DH1WM			1
DJ2MX			1
DJ4MZ			1
DJ5AV			1
DJ7YO			1
DK3RV			1
DK4RM			1
DK5KMA			1
DK5UR			1
DL1AX			1
DL1CR			1
DL1DBB			1
DL1DVE			1
DL1EBR			1
DL1EJG			1
DL1FU			1
DL1HBT			1
DL2DXA			1
DL2HWI			1
DL2ND			1
DL2RAB			1
DL3EC			1
DL3HXX			1
DL3JPN			1
DL3MBE			1
DL3TU			1
DL4DBM			1
DL4ROB			1
DL5AZZ			1
DL5EBG			1
DL5OAH			1
DL6FBK			1
DL6GCA			1
DL6MST			1
DL7BC			1
DL7UJM			1
DL7UWR			1
DL8DXL			1
DL8MEK			1
DL8MF			1
DL9NCI			1
DS3EXT			1
DS3FYA			1
DS4HOO			1
DS4OMS			1
DS5SQS			1
EA1AAP			1
EA1AER			1
EA1BUL			1
EA1DHB			1
EA1FXZ			1
EA1GIB			1
EA1GKP			1
EA2AJO			1
EA2ATL			1
EA2BD			1
EA2BW			1
EA2CE			1
EA2CKX			1
EA2CPG			1
EA2DCA			1
EA2DDG			1
EA2DT			1
EA2DT/P			1
EA2ECA			1
EA2ETB			1
EA2EUS			1
EA2EZ			1
EA2WX			1
EA3ARP			1
EA3CVY			1
EA3EVL			1
EA3HAB			1
EA3HIG			1
EA3HP			1
EA3MP			1
EA4ACS			1
EA4BOC			1
EA4BQG			1
EA4DON			1
EA4DOS			1
EA4GJP			1
EA4GU			1
EA4HIH			1
EA4R			1
EA4T			1
EA4TL			1
EA5FE			1
EA5FPL			1
EA5IIG			1
EA5K			1
EA6UB			1
EA7ANC			1
EA7GV			1
EA7RX			1
EA8CCA			1
EA8DDW			1
EA8DKV			1
EA8DQO			1
EA8DQP			1
EA9E			1
EB1AD			1
EB8LF			1
EC1R			1
EC7DZZ			1
EC8ADS			1
EI3HA			1
EI9LB			1
EW6GB			1
EW6X			1
F1BLL			1
F4ABI			1
F4FTJ			1
F4ILH			1
F4LKW			1
F4WBN			1
F5HTR			1
F5IET			1
F5NZO			1
F5PLR			1
F5SQA			1
F6CEL			1
F6EOC			1
F6FTB			1
F6GBG			1
F6HBI			1
F8DVD			1
F8FKK			1
G0FEX			1
G0FVH			1
G0HRT			1
G3RDQ			1
G3TZA			1
G3VXJ			1
G4AFI			1
G4CMZ			1
G4FKA			1
G4FVK			1
G4TGJ			1
G5LSI			1
G6AEK			1
G7SXR			1
GI0AZA			1
GI0AZB			1
GI4OSF			1
GM4WHA			1
GM4ZMK			1
GM6ZAK			1
GW0PLP			1
GW0RQC			1
GW1OFA			1
HA8BJ			1
HA8DD			1
HB9AFI			1
HB9BAB			1
HB9BCK			1
HB9BHW			1
HB9BIN			1
HB9BQU			1
HB9BTI			1
HB9CBR			1
HB9CCZ			1
HB9CDH			1
HB9CEV			1
HB9CGA			1
HB9CIC			1
HB9CLT			1
HB9CRY			1
HB9CSA			1
HB9CYV			1
HB9CYX			1
HB9DDE			1
HB9DHA			1
HB9DIZ			1
HB9DQM			1
HB9EAJ			1
HB9EBE			1
HB9EVF			1
HB9HBV			1
HB9HCS			1
HB9HDI			1
HB9HOR			1
HB9HUP			1
HB9HWI			1
HB9HXJ			1
HB9IIO			1
HB9IQL			1
HB9JAY			1
HB9WT			1
HI8D			1
HL5MKL			1
I1EEW			1
I4RHP			1
IK1DFH			1
IK1GCB			1
IK1LBL			1
IK2XDF			1
IK3GER			1
IK3HMB			1
IK4IDP			1
IN3ADF			1
IN3JIB			1
IN3KLQ			1
IT9NVA			1
IT9RZR			1
IU1HJF			1
IU1KGS			1
IU8CNE			1
IV3HEH			1
IV3NGF			1
IW2BNA			1
IW3AGO			1
IX1IHR			1
IZ2IHO			1
JA1VRY			1
JA1VVH			1
JA3GOJ			1
JA3NAP			1
JA4RQO			1
JA5IVG			1
JA5QJX			1
JA9KRO			1
JA9OJM			1
JE1GER			1
JE1LHW			1
JF1NDT			1
JF7RJM			1
JG0AWE			1
JG1JJL			1
JG1RBB			1
JG1WKM			1
JH0WYT			1
JH1MXV			1
JH4EJK			1
JI1IZS			1
JI1TAC			1
JJ1IZY			1
JJ1PFC			1
JJ2CJB			1
JK1JLX			1
JK1MGC			1
JK1VUZ			1
JK1WVC			1
JL1CGT			1
JM1LFV			1
JM1OZP			1
JM3AVI			1
JN1LGH			1
JN3FMD			1
JO2BWZ			1
JO2NZH			1
JP1XRI			1
JP2XYT			1
JQ1GLJ			1
JQ3AJX			1
JQ3KWM			1
JR3XEX			1
JR5JAQ			1
JR9SLB			1
JS1IFK			1
JS2TNW			1
K0FD			1
K0OE			1
K0OTC			1
K1BZ			1
K1CL			1
K1CT			1
K1DLA			1
K1LB			1
K1RAH			1
K1RDD			1
K1TDM			1
K1WAT			1
K2BRO			1
K2CAF			1
K2JB			1
K2JVB			1
K2PS			1
K2UPD			1
K3ATA			1
K3BAL			1
K3IGA			1
K3IV			1
K3ONW			1
K3SDM			1
K3TCU			1
K3VAT			1
K4ACJ			1
K4ADS			1
K4ARQ			1
K4CAE			1
K4CGY			1
K4DT			1
K4GDJ			1
K4GYU			1
K4ISU			1
K4KGT			1
K4LI			1
K4LLL			1
K4OTT			1
K4QS			1
K4SP			1
K4VBL			1
K4XP			1
K5DEZ			1
K5EM			1
K5OGR			1
K5OHY			1
K5SVC			1
K5UHF			1
K5WOW			1
K6CPR			1
K6EL			1
K6HPX			1
K6KMH			1
K6MII			1
K6YK			1
K7EDM			1
K7GT			1
K7GUD			1
K7SEN			1
K7SO			1
K8ACC			1
K8BSR			1
K8CIR			1
K8CSC			1
K8IKO			1
K8LF			1
K8NEE			1
K8NIV			1
K8RDG			1
K8WAG			1
K9DEG			1
K9DLO			1
K9ICP			1
K9IS			1
K9OB			1
K9OZ			1
K9PM			1
K9TQ			1
KA1VRY			1
KA3MAJ			1
KA5YIX			1
KA6NEI			1
KA6NPD			1
KA8GIM			1
KA9GWM			1
KB0PAT			1
KB2FA			1
KB2TDT			1
KB3AAY			1
KB3UJT			1
KB5SAV			1
KB6DAD			1
KB7HH			1
KC1GGP			1
KC1MXB			1
KC1NDQ			1
KC1VIO			1
KC2HMD			1
KC3RT			1
KC4ZUA			1
KC5F			1
KC5MJE			1
KC6JQU			1
KC6SEH			1
KC8IQ			1
KC8YOM			1
KC8ZKS			1
KC9DDF			1
KD0M			1
KD2VRL			1
KD2YIO			1
KD2ZZA			1
KD4CXE			1
KD5EDL			1
KD7J			1
KD7QAS			1
KD8EQA			1
KD8IE			1
KD8MIV			1
KD9K			1
KD9KJC			1
KD9RPE			1
KD9RZG			1
KD9WI			1
KE0DS			1
KE0IBA			1
KE0N			1
KE0QEQ			1
KE1J			1
KE2DC			1
KE2DOS			1
KE2ET			1
KE4PTP			1
KE4QCY			1
KE4ZUN			1
KE5YYC			1
KE6SRN			1
KE6SU			1
KE6TH			1
KE7F			1
KE8PZN			1
KE8SUG			1
KE8WKS			1
KE9BV			1
KF0MYC			1
KF0RIG			1
KF0SWQ			1
KF4PGW			1
KF4SNJ			1
KF6HI			1
KF7JQV			1
KF7WI			1
KF8CYL			1
KF8FCC			1
KF9D			1
KF9R			1
KF9UP			1
KG0AT			1
KG1A			1
KG2CV			1
KG2MM			1
KG4R			1
KG5LRB			1
KG9JP			1
KH2TJ			1
KI4YZN			1
KI5PPY			1
KI6EAB			1
KI8H			1
KJ4KHM			1
KJ5CHK			1
KJ5DZV			1
KJ5JR			1
KJ5LMM			1
KJ5W			1
KJ7RPL			1
KJ7WLL			1
KJ8MRH			1
KK2B			1
KK4DF			1
KK4DUP			1
KK4OMJ			1
KK6MT			1
KK6WT			1
KK7ER			1
KK7EW			1
KK7ULL			1
KK7WYG			1
KM4IY			1
KM4QNA			1
KM5RF			1
KN1R			1
KN4DY			1
KN4NGK			1
KN4RNO			1
KN4SWS			1
KN4XP			1
KN4ZVJ			1
KN6KI			1
KN6OMN			1
KO4FX			1
KO4SB			1
KO4SXH			1
KO4YZE			1
KQ4AWF			1
KQ4IAM			1
KQ4NT			1
KQ4OQU			1
KQ4PAK			1
KQ4RME			1
KQ4TAX			1
KR4FJL			1
KR7Q			1
KR8P			1
KR9K			1
KS4S			1
KS5L			1
KT0A			1
KT0P			1
KT4ZG			1
KT5X			1
KW4FM			1
KX0R			1
KX0Y			1
KX4YQ			1
KY4EJ			1
KZ4KC			1
LA1ENA			1
LA1XFA			1
LA5FHA			1
LY1SR			1
LY5G			1
LZ4GL			1
LZ4UX			1
M0BKV			1
M0DLL			1
M0MDA			1
M0OMC			1
M0RJP			1
M0UFX			1
M1AOB/M			1
M1GEO			1
M6EAM			1
M8BIA			1
M9OUD			1
MW0BYS			1
MW9WJS			1
N0DNF			1
N0IPA			1
N0OZZ			1
N0RZ			1
N0WAE			1
N1CLC			1
N1ECT			1
N1MHV			1
N1NPQ			1
N1PHR			1
N1PRR			1
N1SMB			1
N1XV			1
N1XXU			1
N1ZF			1
N2AF			1
N2ESE			1
N2IGW			1
N2JW			1
N2QLV			1
N3ALN			1
N3FMC			1
N3GTY			1
N3MAV			1
N3RCW			1
N3VD			1
N4ATJ			1
N4BEL			1
N4CGR			1
N4CRS			1
N4DCW			1
N4DH			1
N4FJB			1
N4ILE			1
N4RDJ			1
N4TRD			1
N4TTS			1
N4TU			1
N5CDL			1
N5IM			1
N5ITG			1
N5KKG			1
N5RNM			1
N5VMN			1
N6HU			1
N6PF			1
N6PKT			1
N6RUN			1
N7CW			1
N7KOM			1
N7TD			1
N8JY			1
N8OFP			1
N8OYY			1
N8TSU			1
N8UW			1
N9CZ			1
N9FAL			1
N9GZ			1
N9RDX			1
N9UE			1
N9UVS			1
N9WQK			1
N9XO			1
NA6JD			1
NC4PO			1
NC4XL			1
ND0C			1
ND9M			1
NE0NS			1
NE1D			1
NE4TN			1
NF3R			1
NG9P			1
NI6L			1
NL5Y			1
NL7V			1
NM4O			1
NM5SP			1
NO0X			1
NQ5A			1
NS4TT			1
NT6E			1
NU4J			1
NU7A			1
NU8Z			1
NW7E			1
NX9T			1
NY7H			1
OE1YLS			1
OE3DBX			1
OE3KME			1
OE3OPW			1
OE3RGB			1
OE5BAY			1
OE5DHO			1
OE5EDR			1
OE5FFE			1
OE5HDN			1
OE5HKT			1
OE5JKL			1
OE5LAE			1
OE5PZM			1
OE5RTP			1
OE5WHR			1
OE5YYN			1
OE6BAU			1
OE6END			1
OE6GBG			1
OE6HMM			1
OE6RCD			1
OE6STD			1
OE6TNO			1
OE6UVG			1
OE7HPI			1
OE7OPJ			1
OE7PHI			1
OE8GBK			1
OH1CM			1
OH1HF			1
OH1RR			1
OH3GAE			1
OH3GZ			1
OH6JUM			1
OH6MML			1
OH7DSQ			1
OH8CRX			1
OH8JP			1
OK1FMJ			1
OK1KT			1
OK1SDE			1
OK1VEI			1
OK1ZE			1
OK2KG			1
OK2PDT			1
OK2VOX			1
OK8AV			1
OK8PKM			1
OK8WIT			1
OM1WS			1
OM3CND			1
OM6AN			1
ON3UA			1
ON4FI			1
ON4ON			1
ON6ZQ			1
ON7DQ			1
ON7GO			1
ON7GR			1
ON7ZM			1
OS8D			1
OT5Q			1
OZ1RD			1
OZ6ABZ			1
P0TA			1
PA5KM			1
PA7RA			1
PD1CW			1
PD3RL			1
PD4US			1
PD5I			1
PD8MD			1
PY5EW			1
RX3AEX			1
S50TD			1
S51HF			1
S52AU			1
S52CU			1
S52FT			1
S52KM			1
S52O			1
S52ON			1
S52RA			1
S53OM			1
S53XX			1
S54OP			1
S54TIM			1
S55VN			1
S56IHX			1
S56JYP			1
S56LFI			1
S56LXN			1
S56PI			1
S57AJJ			1
S57D			1
S57ILF			1
S57JJ			1
S57KOP			1
S57MS			1
S57OO			1
S57S			1
S58AL			1
S58MT			1
S58MU			1
S59IVG			1
SA4BLM			1
SM4CJM			1
SM4VBO			1
SM5CBN			1
SM5LNE			1
SM5TSP			1
SN2FF			1
SO6K			1
SO9P			1
SP1MVG			1
SP2AOB			1
SP2CW			1
SP2DMB			1
SP2KA			1
SP2YMX			1
SP3JSD			1
SP5M			1
SP5ZIM			1
SP6BOW			1
SP8BJU			1
SP8DJY			1
SP8PZA			1
SP8QC			1
SP9ABW			1
SP9AGC			1
SP9BAT			1
SP9BIJ			1
SP9CBM			1
SP9ECS			1
SP9FMP			1
SP9GKS			1
SP9JKL			1
SP9KM			1
SP9MA			1
SP9ND			1
SP9NGL			1
SP9NLI			1
SP9OG			1
SP9PND			1
SP9RSS			1
SP9TKW			1
SP9ZM			1
SQ2LKY			1
SQ2WKQ			1
SQ4FDK			1
SQ5MRH			1
SQ9AIG			1
SQ9BDB			1
SQ9BQW			1
SQ9IAW			1
SQ9IDE			1
SQ9JYK			1
SQ9MDN			1
SQ9NH			1
SQ9NOT			1
SQ9ONP			1
SQ9OZM			1
SQ9PBR			1
SQ9SXN			1
SV1RVJ			1
SV2HJW			1
SV2OXS			1
SV2RUJ			1
SV3IEG			1
SV3SFJ			1
SV4SWQ			1
UA4PKN			1
UR7EZ			1
UW8SM			1
VA3GHB			1
VA3LG			1
VA3TS			1
VA3UZ			1
VA5KEN			1
VA6VZ			1
VA7GEM			1
VE1BQC			1
VE1SK			1
VE3DDQ			1
VE3GLN			1
VE3IUK			1
VE3LBI			1
VE3PTA			1
VE3SRW			1
VE3THR			1
VE3UW			1
VE3YOA			1
VE3YTN			1
VE6BR			1
VE7VAK			1
VE9CF			1
VK1AD			1
VK2AKA			1
VK2BD			1
VK2BUG			1
VK2EXA			1
VK2GEZ			1
VK2HFI			1
VK2MET			1
VK2VW			1
VK2ZRD			1
VK3CAT			1
VK3CEO			1
VK3FB			1
VK3JT			1
VK3KAI			1
VK3SQ			1
VK4DXA			1
VK7PJM			1
VO1AW			1
W0BTS			1
W0CGC			1
W0DY			1
W0ERI			1
W0KEG			1
W0KPH			1
W0LFA			1
W0MES			1
W0MM			1
W0MNA			1
W0RKK			1
W1AEL			1
W1AW			1
W1OW			1
W1UL			1
W1WCI			1
W2GR			1
W2QMI			1
W2VDZ			1
W2WC			1
W3DON			1
W3WDK			1
W4BD			1
W4BTJ			1
W4DGA			1
W4ER			1
W4GO			1
W4JKC			1
W4JL			1
W4LOO			1
W4SFD			1
W4SK			1
W4TRA			1
W4WDK			1
W5ASS			1
W5DRT			1
W5DUI			1
W5HF			1
W5JCC			1
W5KEB			1
W5MKS			1
W5ODS			1
W5PFD			1
W5WLG			1
W5WPS			1
W6DT			1
W6GRE			1
W6IJL			1
W6LEN			1
W6LOR			1
W6TED			1
W7DLZ			1
W7GA			1
W7USA			1
W7YBY			1
W8ATE			1
W8CFH			1
W8RJC			1
W9AV			1
W9AVM			1
W9BDX			1
W9DP			1
W9FTR			1
W9GTA			1
W9NG			1
W9ZPL			1
WA0TDA			1
WA2SPL			1
WA3TVH			1
WA4CB			1
WA4CHJ			1
WA4WZQ			1
WA7JTM			1
WA9TMU			1
WB0LQW			1
WB2FUV			1
WB2PHL			1
WB3DDJ			1
WB5N			1
WB5OOB			1
WB6POT			1
WB7BWZ			1
WB7ULD			1
WB8BHN			1
WB8QZM			1
WB8UBR			1
WB8YYY			1
WB9NDG			1
WC1D			1
WD5EEI			1
WD8KLL			1
WF1B			1
WG9I			1
WI4B			1
WI5D			1
WJ2B			1
WJ7V			1
WJ7WJ			1
WJ8Y			1
WM2V			1
WM4P			1
WN4E			1
WP4JLU			1
WQ3K			1
WU7H			1
WU8E			1
WV1W			1
WW7D			1
WX1S			1
WX4JEL			1
WX7OR			1
WY1H			1
WY8N			1
YL2TQ			1
YO3DYL			1
YO5IA			1
YO5IR			1
YO5MCM			1
YO8SSH			1
ZL1IM			1
ZL1TM			1
