# kQSO callsign DB | set=vkv | version=1 | updated=2026-09-24
DM7A	JO60OM	20260921	1
OZ3VC	JO55PL	20260921	1
DM7D	JO62LI	20260921	1
OK1IPU	JN69UO	20260921	1
OK2VMC	JN89VK	20260921	1
DD8EI	JO31NC	20260921	1
DL1RIO	JN58SE	20260921	1
SQ9V	JO90EB	20260921	1
EA1FCH/P	IN63JJ	20260921	1
EA3AKY	JN01WK	20260921	1
DH1NSP	JN59LU	20260921	1
OK2PVF	JN89BO	20260921	1
IT9LCY	JM77NO	20260921	1
IZ3ZLG	JN55QO	20260921	1
DL2BQC	JO52TC	20260921	1
IK7LMX	JN80XP	20260921	1
DB5KN	JO31NB	20260921	1
OH2BNH	KP20LG	20260921	1
DL1XAS	JO43UM	20260921	1
UR3UI	KO50LI	20260921	1
Z33B	KN01QA	20260921	1
OK2PVX	JN99AC	20260921	1
M5BFL	JO02RJ	20260921	1
E7GZ	JN93KR	20260921	1
SM2CEW	KP15CR	20260921	1
DK6UO	JN39QJ	20260921	1
HB9BC	JN37WJ	20260921	1
YT3N	KN04LP	20260921	1
OK2VNQ	JN99EQ	20260921	1
UT5U	KO50CD	20260921	1
F1RJ/P	JN12MQ	20260921	1
F5AOD	JN37AH	20260921	1
F6HTJ	JN12KQ	20260921	1
DO3TIA/P	JO61BA	20260921	1
YT4B	JN94SE	20260921	1
OK2VOB	JN88KU	20260921	1
OK2PWY	JN89KW	20260921	1
DL7UDA	JO62VO	20260921	1
OM2ALD	JN88RO	20260921	1
DG1BHA	JO73DB	20260921	1
G8NEY/P	IO81UN	20260921	1
F4EZJ	JN05DK	20260921	1
G4LOH	IO70JC	20260921	1
DL8EKI	JO33OO	20260921	1
DL2BRW	JO72GI	20260921	1
DG6OBZ	JO52FF	20260921	1
WW1L	FN54OM	20260921	1
YT4X	JN94SP	20260921	1
SM6CEN	JO67AJ	20260921	1
YT5C	JN95WD	20260921	1
G4RGK	IO91NO	20260921	1
OK1OKA	JN79PP	20260921	1
TM2D	JN03KV	20260921	1
DL2MF	JO52DP	20260921	1
DH3FAN	JO40FH	20260921	1
OZ9PZ	JO46LC	20260921	1
DL2NBJ	JN59SS	20260921	1
G4LPP	JO02SS	20260921	1
F5GHP	IN96LE	20260921	1
YT5W	KN04OO	20260921	1
OM2RC	JN88OL	20260921	1
Z35Z	KN11CR	20260921	1
DL2NBU	JN59KQ	20260921	1
OM2RL	JN88NR	20260921	1
OK1OLA	JN79IX	20260921	1
DH2PA	JN49AE	20260921	1
DL6NAA	JO50VF	20260921	1
DO2KDS	JO50MP	20260921	1
YT6T	JN96TD	20260921	1
DL6NAQ	JO40XI	20260921	1
DL8FA	JN58VD	20260921	1
SV6KRV	KM09KO	20260921	1
SV6KRW	KM09KP	20260921	1
DL3DBC	JO40BT	20260921	1
YT7C	KN05EG	20260921	1
G0XBU	IO83UF	20260921	1
ON8PTZ	JO20IV	20260921	1
DL2BUM	JO72GG	20260921	1
YO3GJ	KN24UL	20260921	1
G0LTG	IO81RF	20260921	1
GM7PKT	IO76JR	20260921	1
DL6NBC	JN59MK	20260921	1
PE1KXH	JO30LW	20260921	1
OK1UDQ	JO70NO	20260921	1
DL2NDL	JN59LQ	20260921	1
LY5LM	KO15OU	20260921	1
DJ5LB	JO40IC	20260921	1
TM4R	JO00QB	20260921	1
YT7W	JN95RE	20260921	1
OE5VRL/5	JN78DK	20260921	1
9A5KW	JN64WU	20260921	1
DK2GOX	JN49WS	20260921	1
SP8ZBW	KN09VM	20260921	1
YO8SJD	KN37CP	20260921	1
YT8A	KN04ER	20260921	1
OK2KCN	JN89OI	20260921	1
OK1IVU	JN69QS	20260921	1
IV3KKW	JN66LF	20260921	1
OK1UEI	JN79FV	20260921	1
UT6UG	KO50EI	20260921	1
HB9GF	JN47BC	20260921	1
EW7RF	KO53ES	20260921	1
YU3LAX	KN03XA	20260921	1
DL6NCI	JO50VI	20260921	1
HB9EFK	JN46BX	20260921	1
DL2PK	JO31IK	20260921	1
TM5R	JN19BQ	20260921	1
DL2NER	JO60AB	20260921	1
G0XDI	IO91QS	20260921	1
F5GKW	JN05LU	20260921	1
LZ2BDS	KN14HA	20260921	1
M0FXX	IO91NM	20260921	1
PA0LMA	JO22FF	20260921	1
YT9A	KN04BO	20260921	1
OK1UFF	JO60XR	20260921	1
OK5RA	JN89IW	20260921	1
DB3LBG	JO42RS	20260921	1
DK1CB	JO53DL	20260921	1
OK1UFM	JN69UO	20260921	1
DF7BE/M	JO41WE	20260921	1
2W0JMK	IO71PV	20260921	1
DG5YIL	JO32KB	20260921	1
PA0RDY	JO22KJ	20260921	1
DL6NDK	JO53BV	20260921	1
9A6KZH	JN86FM	20260921	1
DG1YKW	JO31PP	20260921	1
TM6T	JN18GF	20260921	1
OK2KEA	JN89EJ	20260921	1
F6HZL	JN23QU	20260921	1
DJ5NJ	JN48OU	20260921	1
OK1UGA	JO80CF	20260921	1
DL2BXC	JO62SB	20260921	1
DL6NDW	JN58MD	20260921	1
YO5OCZ	KN17UL	20260921	1
IK4HLQ	JN54KK	20260921	1
F6HZZ	JN23CP	20260921	1
G1HLT	IO93JD	20260921	1
G4AEP	IO91MB	20260921	1
LZ1DX	KN22TK	20260921	1
DL6NEJ	JN59MN	20260921	1
DH8KV	JO31JA	20260921	1
IK5UIM	JN53NK	20260921	1
OM6APR	JN99KD	20260921	1
DL1GBM	JO60DT	20260921	1
OK1OPT	JN69NX	20260921	1
G4AFF	JO02LO	20260921	1
DL2RZ	JO43WG	20260921	1
DO1UKA	JO71FE	20260921	1
S51AT	JN75GW	20260921	1
M0ABT	JO00AS	20260921	1
SP2QVH	JO83XC	20260921	1
DO1CS	JO60PO	20260921	1
OK2KGB	JN79QJ	20260921	1
F4FAA	JN24LP	20260921	1
IV3EXL	JN65VP	20260921	1
TM9A	JN39OC	20260921	1
F5MFI	JN07XT	20260921	1
DH7FFE	JO40FC	20260921	1
DK1FG	JN59OP	20260921	1
F4FAQ	JN13OG	20260921	1
TK4RB	JN42SJ	20260921	1
2E0VPX	IO92UX	20260921	1
F1AZJ	JN28OK	20260921	1
OK2VWX	JN89PV	20260921	1
DK1FY	JO52HK	20260921	1
F1MKC/P	JN05VS	20260921	1
OK1DCI	JO70EB	20260921	1
DL1RTL	JO61NX	20260921	1
HB9PZQ	JN37XK	20260921	1
I3MEK	JN55SJ	20260921	1
CT2HKN	IN51OM	20260921	1
HB9LB	JN37TL	20260921	1
CT9ABN	IM12JU	20260921	1
DL8LR	JN39PN	20260921	1
F5AYE	JN35BS	20260921	1
IU5SET	JN53KW	20260921	1
IK0BZY	JN61GW	20260921	1
G6IPU/P	JO02QV	20260921	1
S51DI	JN76VL	20260921	1
DG7AC	JO52AJ	20260921	1
F4EEJ/P	IN95VO	20260921	1
OK5WA	JN89AO	20260921	1
DK1HE	JN47KR	20260921	1
DL2HSX	JO50VX	20260921	1
DN5PW	JO50DO	20260921	1
F0FEK	JO00TE	20260921	1
YO5OHB	KN17LQ	20260921	1
9A5RJ	JN86EL	20260921	1
SF6F	JO67QS	20260921	1
LA0GE	JO59KF	20260921	1
PA3EKM	JO33GE	20260921	1
G6DDN	IO93BS	20260921	1
DG6JF/P	JO33QN	20260921	1
SP2WPY	JO94FL	20260921	1
IZ3OHR	JN55LJ	20260921	1
DL1AOB	JO50KV	20260921	1
F4FCW	JN38FO	20260921	1
IZ3IQJ	JN55SR	20260921	1
YO5OHO	KN16VN	20260921	1
M5MC/P	JO02UJ	20260921	1
YT4ZZ	KR04CN	20260921	1
9A1PKC	JN85OK	20260921	1
IK3XJP	JN55UC	20260921	1
YO5OHY	KN17SP	20260921	1
EA5GJ	IN90LB	20260921	1
F1MKG	JN08KQ	20260921	1
G4RQI	IO93IR	20260921	1
DL3JAN	JO61UB	20260921	1
S50C	JN76JG	20260921	1
OK1DEN	JO70NP	20260921	1
OK2KJT	JN99AJ	20260921	1
OL0M	JN89ER	20260921	1
OK2KJU	JN89SJ	20260921	1
S50G	JN76JC	20260921	1
DK1IJ	JO43HA	20260921	1
HB9NE	JN37JC	20260921	1
DL8NP	JN58SC	20260921	1
S50K	JN66XB	20260921	1
S50L	JN75ES	20260921	1
OK4NEO	JN78XW	20260921	1
DL8NU	JN48ST	20260921	1
OK1DEZ	JN89IX	20260921	1
YO3FWL	KN24XL	20260921	1
F1GTU	JN05IE	20260921	1
S50W	JN76WK	20260921	1
DK7AC	JO52GF	20260921	1
G4RRA	IO80BS	20260921	1
DC7EF	JO62PO	20260921	1
OL1B	JO80IB	20260921	1
LZ1JH	KN12PQ	20260921	1
OL1C	JO60UQ	20260921	1
DB4SNK	JO40CH	20260921	1
SP2WRH	JO94FK	20260921	1
DL8OH	JO33WP	20260921	1
DL1RWO	JO60RS	20260921	1
DG5BRE	JO62VM	20260921	1
OL1R	JO70LR	20260921	1
DK7AW	JO51ET	20260921	1
UA3IDQ	KO66JF	20260921	1
HA8AR	KN06MQ	20260921	1
DB5YB	JO42IE	20260921	1
F4FET	JN39OC	20260921	1
ON4IY	JO20HT	20260921	1
IW3FZQ	JN55VB	20260921	1
OL1Z	JN88AU	20260921	1
S51S	JN75ES	20260921	1
ON4KHG	JO10XO	20260921	1
OK2KLF	JN89SN	20260921	1
G4ALE	IO90QV	20260921	1
DL8PA	JO40LB	20260921	1
DL5AOL	JO50KU	20260921	1
YO9HP	KN35BA	20260921	1
SQ6QV	JO80JG	20260921	1
DK1KC	JN58QH	20260921	1
OL2J	JN79TI	20260921	1
F6CIS	IN94WL	20260921	1
OK2KLS	JN89PR	20260921	1
DG1MH	JN59LM	20260921	1
G8LZE	IO91SO	20260921	1
OK1DGR	JO60XE	20260921	1
DK1KW	JN58RE	20260921	1
S52W	JN75ON	20260921	1
YO7FWS	KN24DJ	20260921	1
GM4FVM	IO85WU	20260921	1
HB9EOU	JN37MD	20260921	1
DK7CM	JO40QL	20260921	1
S53D	JN76BD	20260921	1
OK1DHP	JO60VP	20260921	1
LZ2STZ	KN33WE	20260921	1
DK1LJ	JN57MT	20260921	1
DF8KVK	JN58VC	20260921	1
DL8QS	JO43KH	20260921	1
S53O	JN86AT	20260921	1
CU3EQ	HM68KP	20260921	1
SP9PKS	JO90KD	20260921	1
OL3Y	JN69KK	20260921	1
IQ3AZ	JN65QQ	20260921	1
OL3Z	JN79FX	20260921	1
F5SDD	JN23QF	20260921	1
OM3CGN	KN08AI	20260921	1
LZ1MC	KN22VQ	20260921	1
DL1ASF	JO50RN	20260921	1
HG5ED	JN97OK	20260921	1
IO2V	JN54WE	20260921	1
IK0HWJ	JN61HM	20260921	1
OL4A	JO60RN	20260921	1
IU4FNO	JN63EU	20260921	1
LY2R	KO15VS	20260921	1
SM6TZL	JO67IL	20260921	1
DL8RB	JN39JG	20260921	1
IU1BFI	JN44JO	20260921	1
I4CIV	JN64GB	20260921	1
IQ3BM	JN55RQ	20260921	1
OL4N	JO60VR	20260921	1
DG1OJ	JO52DS	20260921	1
DF0AP	JN39IG	20260921	1
DK1MJ	JO52IJ	20260921	1
S54K	JN76LL	20260921	1
IW0HLE	JN61WK	20260921	1
OK1DIX	JO60JJ	20260921	1
S57AJ	JN76AA	20260921	1
OM8WG	KN08NM	20260921	1
HA2ML	JN97CO	20260921	1
LY3I	KO25ER	20260921	1
G4GFI	IO91VH	20260921	1
ON4CDU/P	JO20KW	20260921	1
S54W	JN86DT	20260921	1
OK2KOE	JN89SS	20260921	1
DL1ATI	JO50QU	20260921	1
OK1DJE	JN89HU	20260921	1
OL5B	JN89IG	20260921	1
OK2KOJ	JN79UG	20260921	1
G1PPA/P	JO03AE	20260921	1
DD6UBC/P	JO62TJ	20260921	1
OE8TED	JN76AO	20260921	1
OL5G	JN79MW	20260921	1
PA1BVM	JO21RO	20260921	1
IK3GHY	JN65DM	20260921	1
ON4MM	JO21LI	20260921	1
IQ3CO	JN55QO	20260921	1
G4LIP/P	IO92IR	20260921	1
HB9SG	JN47MH	20260921	1
GW3TKH	IO81JN	20260921	1
DH1O	JO51GS	20260921	1
IO4R	JN63DT	20260921	1
OK2KPD	JO80UB	20260921	1
HA2NP	JN97SG	20260921	1
OK1JBK	JO70RQ	20260921	1
S51KK	JN76HB	20260921	1
SP3SLU	JO92FC	20260921	1
OZ1LPR	JO44UW	20260921	1
IK7RWE	JN80XP	20260921	1
OE5JFL	JN68MG	20260921	1
OL6M	JN89QO	20260921	1
SQ5KVS	KO02OA	20260921	1
DK1OM	JO42UV	20260921	1
W1FKF	FN43GI	20260921	1
S56K	JN76LL	20260921	1
I2FHW	JN44OS	20260921	1
S56P	JN76PO	20260921	1
DK1OT	JO62VM	20260921	1
PD8MD	JO32FL	20260921	1
OE3XSM	JN77XX	20260921	1
DK2YCT	JO32RG	20260921	1
G4AQB	IO83TN	20260921	1
DG5NFF	JO50DO	20260921	1
9A5YY	JN76UE	20260921	1
DL1AVF	JO50MX	20260921	1
F5GXX	IN95LP	20260921	1
OL7C	JO60JJ	20260921	1
HB9N	JN37KB	20260921	1
DH8WE	JO50TJ	20260921	1
G0GJV	IO91OK	20260921	1
OE3MDB	JN88JB	20260921	1
DH8WG	JO51HN	20260921	1
OL7J	JN79NF	20260921	1
EA7/SM0KAK	IM76MM	20260921	1
OL7K	JN69PG	20260921	1
S57C	JN75RX	20260921	1
OL7M	JO80FG	20260921	1
DL5MCG	JN58KH	20260921	1
DL3DQL	JO61PH	20260921	1
EA8/I4GHG	IL18OH	20260921	1
OL7Q	JN99EQ	20260921	1
9A0BB	JN74UT	20260921	1
DM4KA	JO64ND	20260921	1
GW4CC	IO71UN	20260921	1
DH0HAN	JN59LO	20260921	1
OL7W	JO60OE	20260921	1
S57O	JN86DT	20260921	1
DL1AWD	JO50KU	20260921	1
OK1JDJ	JO60UQ	20260921	1
DK1PZ	JO41TH	20260921	1
DM4KR	JO51TT	20260921	1
G8RWG	IO91WH	20260921	1
OK1DMP	JN79IX	20260921	1
OK2KRT	JN99BK	20260921	1
I2AT	JN45QN	20260921	1
DF2IAX	JN48EV	20260921	1
ON4PS	JO20KQ	20260921	1
SP2FRY	JO83WR	20260921	1
S58M	JN76PL	20260921	1
S58P	JN76ID	20260921	1
IK2PTR/4	JN45QA	20260921	1
RK3AF	KO75WO	20260921	1
TM87C	JN05MT	20260921	1
F4FMB	IN96HV	20260921	1
S59A	JN76XQ	20260921	1
PI4CC	JO21BX	20260921	1
SV8CS	KM07JS	20260921	1
G4ASR	IO81MX	20260921	1
LZ1RT	KN22RR	20260921	1
IK4CBO	JN54DS	20260921	1
OZ1ADL	JO46XC	20260921	1
G0GMB	IO92NB	20260921	1
S59K	JN76IA	20260921	1
OL9W	JN99CL	20260921	1
S59P	JN86AO	20260921	1
DK1RS	JO60MM	20260921	1
IK1PAG	JN35SB	20260921	1
OK1JFH	JN69VN	20260921	1
DL5AWE	JO51EA	20260921	1
DM4MN	JO31LI	20260921	1
IW3AJN	JN55QW	20260921	1
IU7EDW	JN81JD	20260921	1
OK1DOL	JN69OU	20260921	1
SM4LMV	JO79OC	20260921	1
DG1HTQ	JO51TM	20260921	1
ON/PA0MHE	JO11PF	20260921	1
HB9EWH	JN36SV	20260921	1
S57GM	JN76CC	20260921	1
OK1DPA	JN89IV	20260921	1
G4GLT	IO80DO	20260921	1
RA6DE	KN96DQ	20260921	1
M0GHZ	IO81VK	20260921	1
OE5JKL	JN78FI	20260921	1
DL8YE	JO32TC	20260921	1
PA0ANS	JO33CE	20260921	1
SQ2SAT	JO83XG	20260921	1
OK1DPO	JO60PC	20260921	1
DG1VL	JO61XF	20260921	1
SM0LQB	JO89WF	20260921	1
DK1TR	JN58VD	20260921	1
PA3EWP	JO21GU	20260921	1
F6IJI	JN02QV	20260921	1
IN3DPT	JN56UN	20260921	1
HB9EXT	JN37TN	20260921	1
ES2NJ	KO29NK	20260921	1
SV2FPI	KN10KU	20260921	1
LZ1UK	KN22HI	20260921	1
OK1UXH	JO60VR	20260921	1
DO1JKS	JO59LN	20260921	1
DK1UF	JO43KC	20260921	1
OM3FW	JN98AS	20260921	1
OK1DQT	JN79IX	20260921	1
DL3BH	JN49SB	20260921	1
DL8ZT	JO61NX	20260921	1
YU7ACO	KN04OW	20260921	1
R3PA	KO93JV	20260921	1
F1MXE	JN05GQ	20260921	1
I3MTM	JN55PP	20260921	1
ON4KST	JO20EP	20260921	1
G4AWP	IO94LA	20260921	1
IW5DHN	JN53GI	20260921	1
EA5TT	IM99SL	20260921	1
GW4JQP	IO71KR	20260921	1
PI4GN	JO33II	20260921	1
YO3GCL	KN34CK	20260921	1
HA8MV	KN06GU	20260921	1
SM0RJV	JO89VJ	20260921	1
HA2VR	JN97KO	20260921	1
DK1WB	JO52IJ	20260921	1
F4FRG	IN98KE	20260921	1
Z3A	KN11CE	20260921	1
S57KM	JN76HD	20260921	1
IQ3LX	JN54TF	20260921	1
UT5EL/A	KO31LG	20260921	1
DJ6AG	JO51EQ	20260921	1
DG1NPJ	JN59LE	20260921	1
DJ6AM	JO51JM	20260921	1
OK2KYJ	JN89QQ	20260921	1
SK4EA	JO79OO	20260921	1
OR6T	JO20KV	20260921	1
OK1DTP	JO60VR	20260921	1
IZ7UMS	JN81GD	20260921	1
F6CVY	JN26RX	20260921	1
OK2KYZ	JO80NB	20260921	1
DF0LU	JO43UA	20260921	1
ON6LL/P	JO20BL	20260921	1
DL5SBY	JN48XQ	20260921	1
DL9GRE	JO61FH	20260921	1
EU7X	KO43HH	20260921	1
S57LM	JN76HD	20260921	1
9A6AR	JN64VV	20260921	1
E78WW	JN84SU	20260921	1
G0MJW	IO91IO	20260921	1
OM3TZO	JN88TT	20260921	1
G8XVJ	IO83QK	20260921	1
IZ1ANT	JN45FV	20260921	1
OK1DUG	JO60WP	20260921	1
G8SRC/P	IO91CL	20260921	1
OM3TZZ	JN88NG	20260921	1
ED1R	IN83SH	20260921	1
SQ1GU	JO74TE	20260921	1
DL5MLM	JN58VD	20260921	1
OK1DUV	JO70DB	20260921	1
DF0MU	JO32PC	20260921	1
YO6KNY	KN35ET	20260921	1
MW0PJE	IO82JU	20260921	1
DO1PGH	JN68BG	20260921	1
9A0KG	JN83CW	20260921	1
I4CVC	JN54VK	20260921	1
OK1JMK	JN69NH	20260921	1
G7WIR	JO01BJ	20260921	1
IK4ZHH	JN63AX	20260921	1
LZ1ZL	KN22JF	20260921	1
LZ1ZM	KN32QM	20260921	1
TA2NC	KM69HU	20260921	1
F6CXO	JN03SL	20260921	1
LZ1ZP	KN22ID	20260921	1
G4XYW	IO91OI	20260921	1
IK3MLF	JN55WJ	20260921	1
9A1KDE	JN95FQ	20260921	1
SP6FYR	JO81QM	20260921	1
M0XVF	IO94EQ	20260921	1
OH7XM	KP20EC	20260921	1
OZ1ALS	JO44XX	20260921	1
DO1XX	JO43XK	20260921	1
IK4ZIF	JN44TS	20260921	1
YU1DGH	KN03WI	20260921	1
IZ8EWD	JN70VP	20260921	1
SM7VUK	JO66LI	20260921	1
OM3LQ	JN88RT	20260921	1
YU1AU	KN04OO	20260921	1
S51WX	JN75OS	20260921	1
E73DPR	JN92EP	20260921	1
G4MKF	IO91HJ	20260921	1
HA8RM	JN96UW	20260921	1
CT9/OM3RG	IM12JU	20260921	1
DH8BQA	JO73CE	20260921	1
YU0T	JN93UR	20260921	1
DJ0MY	JN49KU	20260921	1
E73JHI	JN85KA	20260921	1
SP6ABS	JO81OE	20260921	1
G8XYJ	IO82PJ	20260921	1
OK1DXD	JN79IX	20260921	1
OM3CVV	JN88TR	20260921	1
S51XO	JN76GB	20260921	1
IU5NAY	JN53FQ	20260921	1
DL5MOF	JN58WD	20260921	1
T70A	JN63FW	20260921	1
F0FYP	JN37LO	20260921	1
OK6JP	JO70EA	20260921	1
F6IRF	JN35AU	20260921	1
DF0PW	JN59SR	20260921	1
OZ5ALS	JO44XX	20260921	1
OK1PGS	JN69MX	20260921	1
YU7AJM	JN95TI	20260921	1
MM0AMW	IO75EJ	20260921	1
RW4HTK	KN64RN	20260921	1
SP9KDA	JO90PP	20260921	1
9A6ACN	JN85BT	20260921	1
IK1VCI	JN44DT	20260921	1
DH8NAS	JO50UF	20260921	1
DK7TY	JO62ON	20260921	1
OZ4VW	JO45UT	20260921	1
ON4WIY	JO21KA	20260921	1
DL1YAL	JO42NB	20260921	1
F5BUU/P	JN02TW	20260921	1
UA9FU	LO88ED	20260921	1
OK1PHU	JN89AR	20260921	1
DJ6GK	JO40JT	20260921	1
DG8MDN	JN58PE	20260921	1
SP9EMI	JO90GJ	20260921	1
S51ZO	JN86DR	20260921	1
G0GXT	IO82RL	20260921	1
YO5DND	KN17RQ	20260921	1
DL1YAW	JO41DX	20260921	1
DF0RI	JO42NC	20260921	1
DC2AM	JO43VL	20260921	1
DL8LAQ	JO43XU	20260921	1
DJ0PY	JO32MF	20260921	1
G5KW	IO91WT	20260921	1
S57RR	JN65UM	20260921	1
PE1RLF	JO32CG	20260921	1
SV2DCD/P	KN00OQ	20260921	1
DK7VN	JN68CW	20260921	1
YU1EV	KN04CN	20260921	1
OK1VAM	JN79IX	20260921	1
IQ3TN	JN63DT	20260921	1
YU1EW	KN04CP	20260921	1
G5LK	JO01QD	20260921	1
DH9ET	JN57TS	20260921	1
OK1VAV	JN79FW	20260921	1
OK1VAW	JO70FB	20260921	1
DL1BEC	JO33SC	20260921	1
TK5JJ	JN42RH	20260921	1
S57SU	JN76EF	20260921	1
DO3UKW/P	JO51JK	20260921	1
G8SEI	IO92FO	20260921	1
S57TA	JN65VL	20260921	1
PD3EM	JO21KU	20260921	1
F5GKW/P	IN97OB	20260921	1
GW3ZTT	IO82KW	20260921	1
DL4FNM	JO50NV	20260921	1
DH7AHK	JO62NN	20260921	1
DG7FBB	JO40HE	20260921	1
DL1YDI	JO42FA	20260921	1
DL9BBD	JO62QL	20260921	1
DJ6JJ	JO32OH	20260921	1
S57TW	JN75EX	20260921	1
LY2BDA	KO24MQ	20260921	1
IU0GCR	JN61GW	20260921	1
OE1EBC	JN88GB	20260921	1
OM3RM	JN88QA	20260921	1
DB6NT	JO50TI	20260921	1
OK1JTV	JO60LJ	20260921	1
G4BAO	JO02CG	20260921	1
DL5BDT	JO31TN	20260921	1
YO3GNF	KN34AL	20260921	1
DL2OCH	JO52BP	20260921	1
DL9ET	JO32PC	20260921	1
SP5QAT	KO02LB	20260921	1
PA0GSM	JO22XE	20260921	1
RC3UE	LO07NG	20260921	1
PE1LWT	JO22VA	20260921	1
LZ2AB	KN14JC	20260921	1
OE3GRA/P	JN78UB	20260921	1
G8GXP	IO93FQ	20260921	1
YU7C	JN95SS	20260921	1
OK1PMA	JO70OP	20260921	1
IK0ZRR	JN61FU	20260921	1
DL1MWG	JN58VC	20260921	1
SV2AEL	KN10LM	20260921	1
DD3SF	JN39LF	20260921	1
SX6B	KM09MU	20260921	1
DK2AN	JO51DR	20260921	1
F8ACF	IN87OU	20260921	1
DF6NA	IL18QJ	20260921	1
OK6PS	JN79AK	20260921	1
DL3ON	JN49ND	20260921	1
DK2AT	JO50NN	20260921	1
I2XAV	JN45NE	20260921	1
S57VW	JN76HD	20260921	1
2E0FEH	IO70VJ	20260921	1
DF0WF	JO62XR	20260921	1
OM3TK	JN99LC	20260921	1
G4SJH	IO91PI	20260921	1
IQ3XL	JN56UO	20260921	1
DK2BF	JO40GE	20260921	1
DK2BK	JN49JC	20260921	1
F6HTJ/P	JN12FJ	20260921	1
I1KFH	JN45FG	20260921	1
UA1AJY	KO49TW	20260921	1
S57WW	JN86CM	20260921	1
DF0XG	JO51KW	20260921	1
DK2CB	JO71IX	20260921	1
SP2RTA	JO83TQ	20260921	1
DH9JK	JO44WR	20260921	1
DK2CI	JO50QX	20260921	1
F1HNF	IN98DD	20260921	1
IZ1AZA	JN44DT	20260921	1
IT9GSF	JM67SS	20260921	1
DH3SK	JO44RK	20260921	1
OK2WTW	JN89QU	20260921	1
LZ2DF	KN22IV	20260921	1
SM4GGC	JO69RK	20260921	1
F6DBI	IN88IJ	20260921	1
G8BCG	IO70RK	20260921	1
DG1CMZ	JO60DS	20260921	1
ON5CD	JO20GX	20260921	1
F5BUU	JN03PO	20260921	1
PA4ZP	JO21RK	20260921	1
DJ0WW	JO40CF	20260921	1
DF0YY	JO62GD	20260921	1
DL9YED	JO42HA	20260921	1
YU1LA	KN04FR	20260921	1
IZ8WGU	JM88AQ	20260921	1
F6DCD	JN38RQ	20260921	1
YU1LG	KN04OO	20260921	1
DF0ZA	JO30MQ	20260921	1
DJ6OL	JO52AP	20260921	1
HA5KDQ	JN97LN	20260921	1
RW9FT	LO89TD	20260921	1
YU7CW	JN95WE	20260921	1
DK2EA	JO50UF	20260921	1
DL6CWM	JO52TG	20260921	1
OZ1AXG	JO65FP	20260921	1
I6XCK	JN63QN	20260921	1
SM7EYW	JO65NK	20260921	1
OZ1AXL	JO46LD	20260921	1
5P5T	JO64GX	20260921	1
DL4RCE	JN69HA	20260921	1
OZ1AXX	JO56AF	20260921	1
DF6RI	JN59RL	20260921	1
9A6OY	JN83LH	20260921	1
IU4APB	JN54KK	20260921	1
LZ2FN	KN33AT	20260921	1
EA2AGZ	IN91DV	20260921	1
DO2FSB	JN58VD	20260921	1
F1HQM	JN23LV	20260921	1
DO2RBD	JO31PW	20260921	1
OY9JD	IP62OA	20260921	1
F1BZG	JN07VU	20260921	1
G5TV	IO93FN	20260921	1
I4UJB	JN64CF	20260921	1
DJ6QK	JN49MB	20260921	1
IK3HAR	JN55RK	20260921	1
ON4LDP	JO10UN	20260921	1
PA0BAT	JO31FX	20260921	1
HA5KFZ	JN97QO	20260921	1
EA7HLB	IM76OP	20260921	1
IZ1MLT	JN44LN	20260921	1
GM2T	IO84BT	20260921	1
DL6ZXG	JO51KU	20260921	1
G3WZT	IO90UX	20260921	1
G1OGY	JO01NU	20260921	1
LZ2HM	KN12TM	20260921	1
IZ8FDG	JN71HA	20260921	1
M0SLY	IO93VS	20260921	1
G8BGV	JO01FQ	20260921	1
DL1SUZ	JO53UN	20260921	1
F4GCU	JN12LQ	20260921	1
OE1KBC	JN88EG	20260921	1
KB1WY	FN31LE	20260921	1
IW3GXW	JN65DE	20260921	1
E73PS	JN93KR	20260921	1
OK2RAS	JN99FP	20260921	1
DM5CT	JO60DO	20260921	1
DR0XD	JO33WQ	20260921	1
IK3SSG	JN55XH	20260921	1
DL6UAE	JO72HC	20260921	1
F5NIH	JN12LR	20260921	1
IU3KUD	JN55SR	20260921	1
IK6LLJ	JN62WW	20260921	1
G7RAU	IN79JX	20260921	1
DO1VOL	JO61UA	20260921	1
OM0R	KN09HB	20260921	1
GM4V	IO85VW	20260921	1
IK3SSU	JN55QO	20260921	1
SQ5AAG	KO02KE	20260921	1
E73QI	JN94ES	20260921	1
IK5PWC	JN53LV	20260921	1
DC8EC	JN57UX	20260921	1
F5HRY	IN78UI	20260921	1
F6DHI	JN23RK	20260921	1
RW3TJ	LO16XG	20260921	1
DL/PE1KXH/P	JO31CB	20260921	1
IK0OKY	JN61ES	20260921	1
DO2LNJ	JO54JE	20260921	1
OE5KAP	JN67VW	20260921	1
IP0A	JN40OU	20260921	1
DF6VW	JO31JM	20260921	1
UR5AS	KO70LJ	20260921	1
LZ2JU	KN34NA	20260921	1
SP6CC	JO80WP	20260921	1
F1HUM	JN33FN	20260921	1
S51BW/P	JN76KK	20260921	1
DF6WE	JO31GO	20260921	1
DM5EI	JO43DC	20260921	1
G0HEL	IO81WH	20260921	1
DL4AAL	JO31TX	20260921	1
GM8MJV	IO85MU	20260921	1
DL4RHN	JO63PM	20260921	1
YO8CLN	KN27QG	20260921	1
DL9PM	JN58QH	20260921	1
DC6CX/P	JO31LH	20260921	1
DH1PAL	JO31JP	20260921	1
OE5VRL	JN78DK	20260921	1
LZ1C	KN12WS	20260921	1
OM2Y	JN88RS	20260921	1
IH9YMC	JM56XT	20260921	1
DG5CST	JO60DS	20260921	1
DL9SUD	JO53QO	20260921	1
ON4FRA	JO21HJ	20260921	1
LZ1S	KN12FQ	20260921	1
OK1VOF	JN89EX	20260921	1
LZ1U	KN12KP	20260921	1
DK2LB	JO54ME	20260921	1
OK1BZ	JO60UQ	20260921	1
SN9AT	JO90LN	20260921	1
M0SPS	IO92KI	20260921	1
F5NLL	JN03MD	20260921	1
SP6EC	JO81LB	20260921	1
YU7KB	KN04AX	20260921	1
OM3W	JN99CH	20260921	1
DM5GG	JO61UE	20260921	1
YO5PLP	KN27EG	20260921	1
IU4MES	JN54QH	20260921	1
DL8AAI	JO41WN	20260921	1
DG9OAD	JO52BN	20260921	1
DF1HPK	JN58PE	20260921	1
G0SWC	IO91RF	20260921	1
DF6YM	JO31SW	20260921	1
OK1CU	JO80CE	20260921	1
OM4C	JN98OI	20260921	1
LZ2T	KN13RD	20260921	1
7S7V	JO65SN	20260921	1
DL8AAU	JN49ML	20260921	1
SP2AWJ	JO83XD	20260921	1
F6DKW	JN18CS	20260921	1
DK2MN	JO32MC	20260921	1
OK1KAD	JO60LJ	20260921	1
OK1VPZ	JO70FD	20260921	1
RK9UM	NO35CI	20260921	1
R2DBL	KO85XP	20260921	1
DA5NT	JO41RT	20260921	1
G8YKM	IO91PF	20260921	1
OK1DT	JN79AL	20260921	1
UR5WCE	KN29BT	20260921	1
OK1KAS	JN89EX	20260921	1
PC3M	JO22QE	20260921	1
RW5C	KO85RP	20260921	1
DK2NI	JO31SW	20260921	1
LZ2NW	KN23TB	20260921	1
SP1KZE	JO72DW	20260921	1
DG3RAP	JN69BA	20260921	1
IQ4CT	JN54WE	20260921	1
IP4N	JN54EL	20260921	1
G4HGI	IO83PL	20260921	1
G0HIK	IO84JE	20260921	1
OK1EM	JO70CN	20260921	1
IN3EJX	JN56NC	20260921	1
YU1VG	KN03KU	20260921	1
S52KJ	JN76DB	20260921	1
DK1MFI	JN58HW	20260921	1
OM6A	JN99JC	20260921	1
LZ2OG	KN13LP	20260921	1
OK1ES	JO60RC	20260921	1
DL2DBE	JO31PM	20260921	1
G3RIR	IO92JL	20260921	1
G0SYP	IO83TK	20260921	1
OE9EMI	JN47VL	20260921	1
PE0WGA	JO22DC	20260921	1
OK1KCB	JN79GB	20260921	1
OK1VRV	JO60XI	20260921	1
LZ5D	KN22UL	20260921	1
F1CBC	JN09BO	20260921	1
G4SWX	JO02RF	20260921	1
DL9TU	JN68AQ	20260921	1
OK1VRY	JN79FP	20260921	1
M0HDO	IO91JO	20260921	1
S56VSP	JN65TM	20260921	1
OK1ELE	JN69RQ	20260921	1
LZ2PI	KN23XU	20260921	1
DL6UHA	JO71HR	20260921	1
OK1KCR	JN79VS	20260921	1
IK2RLN	JN45UR	20260921	1
LZ5Y	KN22QO	20260921	1
DC2TH	JN47RR	20260921	1
OM7M	JN98HP	20260921	1
PC5T	JO23KE	20260921	1
SQ6NDM	JO90AK	20260921	1
G4YPC	IO91RH	20260921	1
LZ6G	KN22PV	20260921	1
OK1GK	JO70FA	20260921	1
LZ2QA	KN43EK	20260921	1
YU7ON	KN04AX	20260921	1
DK2NVA	JO61NX	20260921	1
DK8HB	JO52GI	20260921	1
OK1GP	JO60JF	20260921	1
DK2PZ	JN57MT	20260921	1
G8HGN	JO01FO	20260921	1
OM8A	JN87WV	20260921	1
SP6IX	JO80IM	20260921	1
LZ6R	KN33GN	20260921	1
HA9MDN/P	JN87TB	20260921	1
G4BRK	IO91HP	20260921	1
PE1AXM	JO11VM	20260921	1
DO3BST	JO51KW	20260921	1
LZ2QQ	KN23XT	20260921	1
LZ6Z	KN13PK	20260921	1
SP2GRO	JO93AE	20260921	1
OK1HA	JO60TD	20260921	1
G7LRQ	JO03BC	20260921	1
EA8DKZ	IL28EA	20260921	1
OK1KEL	JO70OP	20260921	1
OK1KEO	JN79NU	20260921	1
OK1VUB	JO70KK	20260921	1
OK1KEP	JO70OR	20260921	1
I3NPF	JN55VI	20260921	1
I5WBE	JN53JR	20260921	1
OE3NFC	JN88EA	20260921	1
YO2LIM	KN16BJ	20260921	1
DL6UJH	JO62WA	20260921	1
LZ7Z	KN13MA	20260921	1
OK2LST	JN89NP	20260921	1
OZ5KM	JO45VX	20260921	1
OM4CW	JN99CH	20260921	1
LZ8A	KN22HS	20260921	1
DL5NEN	JN59OP	20260921	1
DK2RO	JO50NG	20260921	1
OK1KFH	JN69VN	20260921	1
9A1DL	JN85WF	20260921	1
DK2RV	JN58UC	20260921	1
OK1IN	JO60XE	20260921	1
EA8DMF	IL18QJ	20260921	1
DG8LG	JO44VP	20260921	1
G3XDY	JO02OB	20260921	1
DO8HK	JO42OU	20260921	1
OK1KFX	JN79FV	20260921	1
LZ2SQ	KN33GM	20260921	1
DF1GL	JN47CO	20260921	1
CT1HIX	IN52RB	20260921	1
OZ1BEF	JO46OE	20260921	1
OE5LHM/P	JN78CN	20260921	1
PA3FVE	JO21XF	20260921	1
OK1VVP	JN79DO	20260921	1
VK2AZ	QF56IF	20260921	1
LZ9A	KN12PN	20260921	1
OK1JD	JO80DD	20260921	1
OK1VVT	JO60RN	20260921	1
ON5RT	JO20IV	20260921	1
IK4DCX	JN64GB	20260921	1
SP2GUB	JO94RE	20260921	1
IP9X	JM68IE	20260921	1
DJ1FB	JN69BP	20260921	1
DF1HC	JO43UQ	20260921	1
IW3BKQ	JN56NH	20260921	1
SK5AA	JO89JT	20260921	1
F6DRO	JN03TJ	20260921	1
LZ9X	KN22XS	20260921	1
DG2KBC	JN58MI	20260921	1
DK2TG	JO62PJ	20260921	1
F1TMY	JN04TH	20260921	1
OM4EX	JN98HR	20260921	1
OZ1BFM	JO65FR	20260921	1
SP6MI	JO81PC	20260921	1
OM1ATT	JO70XB	20260921	1
DJ1FZ	JN49EX	20260921	1
OV5OX	JO65HO	20260921	1
DG2VX	JN59LX	20260921	1
OK1KHL	JO80AC	20260921	1
DL5YWM	JO61OC	20260921	1
G4YTL	IO92MB	20260921	1
ON5TA	JO20ES	20260921	1
F4FFH/P	JN24PE	20260921	1
G0VHF/P	JO01PU	20260921	1
DK8LL	JN57XT	20260921	1
GM4ZUK/P	IO86RW	20260921	1
IU5ICR	JN53HO	20260921	1
DK8LQ	JO54HC	20260921	1
IV3AOL	JN65VP	20260921	1
EA2AWD	IN93CI	20260921	1
G6KHW	IO91AI	20260921	1
EA6SX	JM19IK	20260921	1
DL1HSF	JO61FR	20260921	1
YU7BCG	KN04JX	20260921	1
PE5HV	JO21VM	20260921	1
OK1LN	JN79AI	20260921	1
F5TMJ	JN03SL	20260921	1
G4BWG	IO91TC	20260921	1
IQ4KD	JN54PF	20260921	1
ON5UE	JO11LF	20260921	1
SP5QWB	JO91QF	20260921	1
DK8MM	JO53CL	20260921	1
G8BUN	IO93EQ	20260921	1
PA3FYC	JO31AF	20260921	1
G4BWP	JO02FH	20260921	1
OK1KIY	JN79VT	20260921	1
DG6KBG	JO42CU	20260921	1
OM4GW	JN98SI	20260921	1
LB8ZH	JP30CI	20260921	1
DL4CH	JO43EQ	20260921	1
OK1KJD	JN79FJ	20260921	1
IZ1BLH	JN34WJ	20260921	1
SP6OM	JO81LC	20260921	1
F6DUA	IN96GP	20260921	1
DL1HTL	JO51WP	20260921	1
DH1PLY	JN69EP	20260921	1
G4BXD	IO82UJ	20260921	1
MM6POV	IO75TH	20260921	1
DF1KB	JN47QT	20260921	1
DK8NE	JO50AL	20260921	1
OK1KJO	JO60OK	20260921	1
DL1HTT	JO61FR	20260921	1
OK1KJP	JN78CS	20260921	1
DC8RI	JN68JQ	20260921	1
IZ0FWE	JN62IQ	20260921	1
G3XHZ	JO02CA	20260921	1
DL6DHM	JO61SP	20260921	1
IW7ED	JN80XP	20260921	1
DM5RC	JO71ES	20260921	1
OK1KKA	JN79PP	20260921	1
OK1NI	JO70OQ	20260921	1
OK1KKD	JO70CD	20260921	1
F5NWY	JN38UN	20260921	1
EA3CFC	JN01XJ	20260921	1
DK2WU	JN58WW	20260921	1
OK1KKI	JN79NF	20260921	1
9A/S51DI	JN74NI	20260921	1
SP6GWB	JO80JG	20260921	1
OK1KKL	JO70PO	20260921	1
M0BUL	IO82NG	20260921	1
YO3YKT	KN34CI	20260921	1
F1NZC	JN15MR	20260921	1
ON4AEY	JO11PE	20260921	1
OK1KKP	JO70DG	20260921	1
YU7VX	KN05FT	20260921	1
EA1FCH	IN63IN	20260921	1
PI4Z	JO11WM	20260921	1
OZ5QF	JO44UX	20260921	1
NICOF81228	JN09XL	20260921	1
HA1KYY	JN87FI	20260921	1
S59DEM	JN75DS	20260921	1
OK1OA	JO70MO	20260921	1
SM7LCB	JO86GH	20260921	1
IW2FZR	JN46WE	20260921	1
PA5MS	JO21RQ	20260921	1
DL4EN	JO31NC	20260921	1
DF7DD	JO31PW	20260921	1
F1TRE	JN37PV	20260921	1
PA5MW	JO21QO	20260921	1
SO5CW	KO01MW	20260921	1
F6DWG	JN19AJ	20260921	1
YU7SMN	KN05EG	20260921	1
LZ2YO	KN13US	20260921	1
DF1MM	JO43HB	20260921	1
DF7DX	JO42HJ	20260921	1
DO7NHK	JO50SD	20260921	1
DK2YL	JN39JG	20260921	1
OK7GU	JN69QT	20260921	1
DM5TI	JN68FF	20260921	1
DL4APJ	JO50WV	20260921	1
OK1KMP	JO70SM	20260921	1
OK1KMU	JN69IS	20260921	1
S59DGO	JN75FO	20260921	1
SV8PEX	JM99VR	20260921	1
SM7FMX	JO65KN	20260921	1
LZ2ZY	KN13OT	20260921	1
M0HOM	IO93QO	20260921	1
F5NZZ	JN33AD	20260921	1
OE3TFA	JN78UQ	20260921	1
G4HSK	JO01FS	20260921	1
OZ1HDF	JO55UN	20260921	1
DF1OI	JO42UF	20260921	1
PA0BUS	JO22UF	20260921	1
OZ5TG	JO45VW	20260921	1
G4NKC	IO82SM	20260921	1
LA2IMA	JO59EI	20260921	1
F5ICN	JN03BF	20260921	1
F5TSB	JN38CP	20260921	1
DH4JQ	JO30IK	20260921	1
F6DZK	JN18GF	20260921	1
G4HTZ	JO02GB	20260921	1
YU1PXF	KN04KP	20260921	1
DM4SWL	JO61VB	20260921	1
IK2AQZ	JN45MS	20260921	1
OZ1BNN	JO55PM	20260921	1
OK1KPA	JN79US	20260921	1
SM5CUI	JO89WW	20260921	1
DF7HD	JO53AO	20260921	1
DL4ASK	JO50LQ	20260921	1
DG8NCO	JO50VH	20260921	1
DJ1OB	JN48UG	20260921	1
DL1TIM	JO31PG	20260921	1
RA3VGV	LO06PI	20260921	1
VK3DUT	QF32VF	20260921	1
GM0SXQ	IO87PD	20260921	1
UW1HM	KN69IS	20260921	1
OK1KQH	JN79GO	20260921	1
OK2RVM	JN89BH	20260921	1
OK1TN	JO70NJ	20260921	1
DA0FF	JO40XL	20260921	1
OK1TT	JO60VP	20260921	1
DF1RD	JN59UM	20260921	1
G3GHZ	JO01IO	20260921	1
DJ7GS	JN47KW	20260921	1
I3CLZ	JN55PS	20260921	1
GI6ATZ	IO74AJ	20260921	1
G4HWA	IO92ME	20260921	1
DL4KG	JN48OU	20260921	1
DD4OI	JO41TW	20260921	1
DN5JUL	JN58VD	20260921	1
OK1KRE	JO60VE	20260921	1
DO3NOW	JN68CS	20260921	1
DO1KUB	JO40FE	20260921	1
OK1UM	JO70CP	20260921	1
OK1KRI	JN79GS	20260921	1
OK1UO	JN89EX	20260921	1
S58RU	JN65WM	20260921	1
IV3XWD	JN65IV	20260921	1
OH3DP	KP10TT	20260921	1
DL2DRG	JO70IT	20260921	1
IZ5BRW	JN53OP	20260921	1
DF7JS	JO31JM	20260921	1
M0TBS	JO01CJ	20260921	1
OK1KRY	JN69TR	20260921	1
DO3NPM	JN59LH	20260921	1
RW4HW	LO43QM	20260921	1
M0NKR	JO02HK	20260921	1
F5IGK	JN09NJ	20260921	1
DJ6OI/P	JO51CH	20260921	1
PD1AHM	JO21WF	20260921	1
DF7KF	JO30FK	20260921	1
OK1VM	JO60VR	20260921	1
DB7MM	JN59US	20260921	1
OE6XSW	JN77RB	20260921	1
DL4MA	JO50UQ	20260921	1
SP6YG	JO90CK	20260921	1
IZ1YTK	JN45DG	20260921	1
M7ALE	IO93NR	20260921	1
OK7NV	JN79IO	20260921	1
DL1NUX	JO50LF	20260921	1
SQ9MEB	JN99XF	20260921	1
OK1WQ	JN79HU	20260921	1
DL4MW	JO50KQ	20260921	1
OK2MAJ	JN89SG	20260921	1
DL5ZBS	JO40LA	20260921	1
YU1EMN	KN04MM	20260921	1
OK1KTW	JN89IW	20260921	1
ON4AOI	JO21BA	20260921	1
DK8XY	JO53AP	20260921	1
PA3GCO	JO21EU	20260921	1
G0CDA	IO83SJ	20260921	1
DL2DUA	JO61SH	20260921	1
OK1KUO	JO80FF	20260921	1
OZ8ABE	JO55WF	20260921	1
YO2LYN	KN15AE	20260921	1
DO8WM	JO61UP	20260921	1
DL8MEM	JN57XX	20260921	1
OK7PJ	JN69XB	20260921	1
OK1YA	JN79IO	20260921	1
DA6BA	JO50ML	20260921	1
G1JJA	IO92AH	20260921	1
DK3AX	JN59DV	20260921	1
PA3GDY	JO21RX	20260921	1
DL4MHA	JN58QI	20260921	1
IV3GTH	JN65RT	20260921	1
OK1KVR	JO70UO	20260921	1
G3MEH	IO91QS	20260921	1
DL8MFL	JN58OA	20260921	1
YQ4R/P	KN43HW	20260921	1
DB1YV	JO31RS	20260921	1
HA4BF	JN97RJ	20260921	1
DK8ZZ	JO30UA	20260921	1
GD8EXI	IO74PC	20260921	1
EA1IT	IN73TA	20260921	1
HB9AOF	JN36AD	20260921	1
DK3BU	JO33NO	20260921	1
SM2EKM	KP05UW	20260921	1
2E0XMB	IO91OX	20260921	1
I0VHL	JN62IR	20260921	1
M1DNJ	JO01FG	20260921	1
OK7RA	JO60QC	20260921	1
F1CVU	JN09NJ	20260921	1
OK1ZY	JN69QS	20260921	1
SM4HFI	JP70TO	20260921	1
DL0GTH	JO50JP	20260921	1
DM2EUN	JO60IV	20260921	1
DG3EX	JO31NH	20260921	1
G4NTY	IO83TM	20260921	1
G4ZCN	IO94JP	20260921	1
F5KMB/P	JN19GK	20260921	1
DL4MN/P	JO62FK	20260921	1
OK7SE	JO70WE	20260921	1
E70ARA	JN83PX	20260921	1
DG3FK	JN59OP	20260921	1
OE/HA5DDX	JN77WM	20260921	1
EU1AI	KO33SV	20260921	1
OK7SX	JN69XP	20260921	1
EA2BFM	IN83MG	20260921	1
G0CHE	IO90PS	20260921	1
DL4SBK	JN48PV	20260921	1
F1IOZ	JN07GH	20260921	1
DJ7OQ	JO42WJ	20260921	1
IZ5HQB	JN53NS	20260921	1
DK3EE	JO41GU	20260921	1
DO1FDK	JO41RH	20260921	1
SP3UCA	JO92CG	20260921	1
SM0BSO	JO99BG	20260921	1
S53BB	JN76HD	20260921	1
PA0TGA	JO21UT	20260921	1
IC8TEM	JN70CN	20260921	1
DF7RG	JN68HG	20260921	1
F4BIT	JN38KN	20260921	1
I5MZY/4	JN64DJ	20260921	1
DL0SEL	JO40LB	20260921	1
GM4BYF	IO85JV	20260921	1
DL8SAM	JN58VD	20260921	1
YO5LD	KN17VP	20260921	1
ON6EF	JO21FE	20260921	1
IK3TPP	JN65CP	20260921	1
IZ3QFG	JN65CA	20260921	1
HA4FB	JN96LX	20260921	1
9A1AAY	JN85PJ	20260921	1
DL4TO	JO33OR	20260921	1
GM4YXI	IO87WK	20260921	1
SM0NCL	JO66JI	20260921	1
DC9BG	JO42EF	20260921	1
S53CO	JN76DB	20260921	1
I1LJV	JN44GT	20260921	1
Z31PET	KN01OB	20260921	1
DH6ABE	JO51LU	20260921	1
G0NZI	IO92GM	20260921	1
EU1DE	KO33TV	20260921	1
SM6VTZ	JO58UJ	20260921	1
SP2HHX	JO94HI	20260921	1
G0NZO	IO90AR	20260921	1
SQ9MLZ	JO90MH	20260921	1
I1RBO	JN35XE	20260921	1
SP4ELF	JO83SU	20260921	1
DL8SCD	JN49ND	20260921	1
IW3HWT	JN55VU	20260921	1
OK2MIC	JN69TN	20260921	1
F4BKV	IN95PP	20260921	1
DL8SCL	JN48RM	20260921	1
DM6BS	JN58VC	20260921	1
GM0HTT	IO89JC	20260921	1
IK2MMB	JN45PQ	20260921	1
DH3NAN	JO50NC	20260921	1
DL2JST	JO53QO	20260921	1
DL8SCQ	JN48RV	20260921	1
R5BI	KO86OQ	20260921	1
F4HCI	JN15MQ	20260921	1
9A7RR	JN75CG	20260921	1
IW3HXR	JN65KO	20260921	1
SP7AS	KO00EL	20260921	1
OK2MJF	JN99EO	20260921	1
SQ2XE	JO94BN	20260921	1
S53EL	JN76KN	20260921	1
M0CFO	IO90XT	20260921	1
DL8SDQ	JN49LC	20260921	1
SP9FYS	JN99LJ	20260921	1
OK1FEN	JN79NU	20260921	1
DL3LAR	JO52GE	20260921	1
DO3GE	JO31MO	20260921	1
DL4WK	JO63SQ	20260921	1
DL1CPE	JN49ND	20260921	1
DL0BBK	JO31IG	20260921	1
G4TRA	IO81WN	20260921	1
S53FO	JN76ID	20260921	1
UA1019SWL	KO37WA	20260921	1
PA3GMD	JO21RN	20260921	1
DJ7TW	JN49UC	20260921	1
IT9HZC	JM77MP	20260921	1
DJ1AUS	JN57QR	20260921	1
OK2AF	JN89AR	20260921	1
DM6EE	JO52IJ	20260921	1
YO5PW	KN17SJ	20260921	1
G3SED	IO90IV	20260921	1
UA1NAN	KP71HO	20260921	1
DF7WL	JO30RE	20260921	1
IZ5TEP	JN53DU	20260921	1
DC9FU	JO40IA	20260921	1
F8BMG	JN03JQ	20260921	1
HB9AXA	JN47DL	20260921	1
SM3RPQ	JP74BT	20260921	1
Z31EF	KN02RE	20260921	1
GD1MIP	IO74TI	20260921	1
PA3AWJ	JO21GW	20260921	1
DK5NAD	JN59MF	20260921	1
DL4YR	JO31KS	20260921	1
UW1WU	KN29AT	20260921	1
OK1FHD	JO70KF	20260921	1
DL6JUN	JO60OM	20260921	1
IK3COJ	JN65BN	20260921	1
DK9CK	JO50ON	20260921	1
LZ2DMX	KN33VD	20260921	1
SN1I	JO84CE	20260921	1
SN1K	JO84GL	20260921	1
I4VOS	JN54PF	20260921	1
OK1FHP	JN79BT	20260921	1
SP2HMR	JO94DE	20260921	1
DK2ZF/P	JO43WJ	20260921	1
F	JN18DN	20260921	1
ZS6NK	KG46RC	20260921	1
9A5AFF	JN64WU	20260921	1
OK1FIG	JO80DH	20260921	1
DL4YAY	JO31TX	20260921	1
DF2AJ	JN48MW	20260921	1
DO9BL	JO51WP	20260921	1
DO9BM	JO42IG	20260921	1
DL1OBF	JO42NG	20260921	1
EA7KP	IM97CF	20260921	1
IU3LYQ	JN54KK	20260921	1
YO3CCB	KN34CL	20260921	1
SZ4TRI	KM09XS	20260921	1
F5IVP	JN23QI	20260921	1
OK2DL	JN79WL	20260921	1
GW0WZL	IO73UB	20260921	1
DL2EAA	JN48LQ	20260921	1
M0CKM	IO90QT	20260921	1
SK0CT	JO99BM	20260921	1
OE8FNK/P	JN76GK	20260921	1
G4IFX	IO91OD	20260921	1
EA4EJR	IM68KQ	20260921	1
OK2EA	JN89XL	20260921	1
DF2BR	JO43HB	20260921	1
HA4ND	JN97MJ	20260921	1
DB2DY	JO30XW	20260921	1
EA1UR	IN53TF	20260921	1
F5IWN	JN18CU	20260921	1
DL5OAS	JO42XE	20260921	1
F6KDL	JN37PV	20260921	1
OM0AAA	KN08WW	20260921	1
SP2HPD	JO94JC	20260921	1
DF2CD	JN48XK	20260921	1
OK2EW	JN89DE	20260921	1
DJ7YP	JO64TM	20260921	1
OK2EZ	JN99BS	20260921	1
IK6SIO	JN63ON	20260921	1
G8ZLU	IO83WK	20260921	1
PD4R	JO45SE	20260921	1
ON6NL	JO21UE	20260921	1
SM3GDT	JP71WW	20260921	1
OZ6HQ	JO45VL	20260921	1
9A2AE	JN86HF	20260921	1
EI7IX	IO53FT	20260921	1
F1DBE	JN17MU	20260921	1
DH2BR/P	JO41MS	20260921	1
SK0EN	JO99JX	20260921	1
3Z3Z	JO82LN	20260921	1
I1LSN	JN45AN	20260921	1
EW4GL	KO13UP	20260921	1
DJ2BC	JO63PA	20260921	1
DM3AWK	JO50DX	20260921	1
PE1HNT	JO21XD	20260921	1
OE5FPL	JN68PG	20260921	1
DJ7ZZ	JO30WK	20260921	1
OM5AW	JN98AH	20260921	1
SM5DIC	JO89JT	20260921	1
OK2GD	JN79PJ	20260921	1
SN5R	KO01IP	20260921	1
F6KFH	JN39OC	20260921	1
OE8Q/P	JN76IM	20260921	1
M0IEP	IO91DP	20260921	1
S59DR	JN76DF	20260921	1
S53MM	JN76GD	20260921	1
RN3QO	KO75UU	20260921	1
OK2BBV	JN89RH	20260921	1
OE5LHM	JN77TX	20260921	1
SN6J	JO71SA	20260921	1
OK1FMP	JO70GC	20260921	1
DO3OI	JO52BP	20260921	1
OK2HA	JN78XW	20260921	1
OK1FMS	JO80EH	20260921	1
F4BUC	JN18BV	20260921	1
G4IJD	IO83TU	20260921	1
PE1NGR	JO31EW	20260921	1
OK2HM	JN89HA	20260921	1
SP7JS	KO00IL	20260921	1
G4CSD	IO91KG	20260921	1
DL3RAR	JN69HA	20260921	1
OM5CM	JN98DF	20260921	1
SP1SR	JO71UT	20260921	1
OK1LEV	JN69OF	20260921	1
DK3RE	JO30WF	20260921	1
DG3TF	JO53HV	20260921	1
SP9RQH	JO90TC	20260921	1
SN7L	JO70UR	20260921	1
DG3SEK	JN58OH	20260921	1
DF2FQ	JN58UB	20260921	1
G0ODQ	IO91MR	20260921	1
9A2DI	JN95IN	20260921	1
F4HMV	IN88OK	20260921	1
IZ0MJE	JN61FU	20260921	1
OM3KDX	KN18DQ	20260921	1
F6KHM	IN78RJ	20260921	1
RG2X	KO85GE	20260921	1
SV2HNH	KN10LP	20260921	1
OK2IT	JN89DG	20260921	1
OH4MVH	KP32PG	20260921	1
OE5LJM	JN77DW	20260921	1
G3YDY	JO01FQ	20260921	1
DK3SE	JN37UP	20260921	1
OM3KEG	JN98ET	20260921	1
DD5DD	JO50KU	20260921	1
LZ3SU	KN32DQ	20260921	1
MM0ZBH	IO86IB	20260921	1
OK2SLC	JN89ED	20260921	1
UR5GAW	KN19PM	20260921	1
OK1FOX	JO70ED	20260921	1
S59GS	JN75NP	20260921	1
DH5BS	JO63UW	20260921	1
DG5FEB/P	JO40PL	20260921	1
OK1FPC	JN79NU	20260921	1
DD5DX	JO61CA	20260921	1
OK1FPG	JN79IO	20260921	1
9A2EU	JN75VU	20260921	1
GU3TUX	IN89VR	20260921	1
G4ODA	IO92WS	20260921	1
OM3KFF	JN88MD	20260921	1
F4HOG	JN09OJ	20260921	1
F1UMW	JN19FG	20260921	1
OZ1ALS/SHF	JO44XX	20260921	1
DJ2FR	JN58PK	20260921	1
OK2BFF	JN89KW	20260921	1
OK2KG	JN89JI	20260921	1
OK2BFN	JN89UC	20260921	1
DC9PA	JN68BG	20260921	1
DJ7R	JN59UK	20260921	1
IU5JCI	JN53GQ	20260921	1
G8IKP	IO80SO	20260921	1
DL5AX	JO52GF	20260921	1
DL0STO	JO61XA	20260921	1
OK2KW	JN99AK	20260921	1
G4ZTR	JO01KW	20260921	1
OK1FQK	JN68VS	20260921	1
M0CRX	IO91KF	20260921	1
M0BAA/P	JO01NC	20260921	1
ON4BCB	JO21FC	20260921	1
LZ2PEP	KN33GM	20260921	1
F5OUO	IN96GR	20260921	1
9A2GA	JN75WR	20260921	1
OK2LC	JN88AU	20260921	1
OE5KE	JN78EG	20260921	1
DL8YHR	JO41GV	20260921	1
ON4BCV	JO21JI	20260921	1
S53RM	JN76HD	20260921	1
GM4TOE	IO87RP	20260921	1
HB9BAS	JN37SM	20260921	1
G8CUL	IO91JO	20260921	1
HB9BAT	JN37RF	20260921	1
GM0TQK	IO85KU	20260921	1
M0IKB	IO94SG	20260921	1
R5PM	KO93CQ	20260921	1
M0NVS/P	IO91QT	20260921	1
OK2MD	JN88HT	20260921	1
ON7FLY	JO10LT	20260921	1
OK2MG	JN69XU	20260921	1
OM3KHT	JN98KX	20260921	1
HB9BBD	JN47EI	20260921	1
OM3KHU	KN09WC	20260921	1
DL9ZWG	JO52TG	20260921	1
OK1RAR	JN79CX	20260921	1
DM1PIO	JO72BM	20260921	1
OE4EIE	JN87CE	20260921	1
DF8BP	JO52DI	20260921	1
G4CXJ	IO90KT	20260921	1
F4HRD	JO00XX	20260921	1
G3SQQ	IO93JC	20260921	1
ON6VJ	JO21DF	20260921	1
SP9RVF	JO90KG	20260921	1
DK3WG	JO72GI	20260921	1
SP7PA	KO01RA	20260921	1
OM3KII	JN88UU	20260921	1
DL5DF	JO52IJ	20260921	1
DJ2IT	JN58TD	20260921	1
DO2YJN	JO31NN	20260921	1
IU3GKJ	JN55WR	20260921	1
GM0ICF	IO75PP	20260921	1
HB9BCD	JN45LV	20260921	1
OK1FTA	JN79IS	20260921	1
DJ8AK	JO53AE	20260921	1
IK3UNA/1	JN35VA	20260921	1
G1EHF	IO91LH	20260921	1
ON6WF	JO21BA	20260921	1
DF2LH	JO53AR	20260921	1
IT9ZMX	JM68ND	20260921	1
DF8CV	JN69DB	20260921	1
DL2KBX	JO30EM	20260921	1
G3SRT	IO82KV	20260921	1
HB9SJV	JN36FL	20260921	1
IZ5ICH	JN53DP	20260921	1
LZ3XV	KN22TJ	20260921	1
F6KNB	IN94UT	20260921	1
EW7T	KO53DR	20260921	1
I0KNQ	JN62JD	20260921	1
HA4XN	JN96LX	20260921	1
I4CVC/7	JN71SU	20260921	1
Z31RM	KN01PA	20260921	1
DL2KCK	JO31OA	20260921	1
PE1HWO	JO21GV	20260921	1
ES4RM	KO49AL	20260921	1
DL3AAV	JO52JI	20260921	1
YO2MPK	KN15GG	20260921	1
OK1FUK	JO70ME	20260921	1
EF1M	IN63FL	20260921	1
UA4AQL	LO20QC	20260921	1
IQ5NN	JN63GN	20260921	1
9A2KD	JN85EI	20260921	1
DL0HIL	JO31KE	20260921	1
OK1RDO	JN69KL	20260921	1
9A2KI	JN95BF	20260921	1
DL3ABL	JO52TG	20260921	1
F1AZJ/P	JN28OK	20260921	1
F5DJL	JN36CD	20260921	1
E7C	JN94CP	20260921	1
DG3BFA	JO42OS	20260921	1
TM4VHF	JN05MT	20260921	1
DF2NH	JN59LL	20260921	1
OM5KM	JN98BG	20260921	1
DG7YBN	JO41RG	20260921	1
S53VV	JN65VN	20260921	1
LZ1ZLI	KN23JB	20260921	1
G1KAW	IO91RH	20260921	1
DG7YBT	JO41FU	20260921	1
OM5KV	JN97BS	20260921	1
E7W	JN84SU	20260921	1
IU3GNH	JN55RN	20260921	1
YT7KW	KN05EJ	20260921	1
G8IQL	IO90LX	20260921	1
DP5A	JO60PO	20260921	1
DP5G	JO30FK	20260921	1
OL70KEA	JN89EJ	20260921	1
S59EHI	JN76LL	20260921	1
DL3LST	JO61FI	20260921	1
DL5HF	JO43VF	20260921	1
DJ2MT	JN68FR	20260921	1
IV3NDC	JN65RV	20260921	1
LY2NA	KO15JC	20260921	1
9A2MF	JN65TJ	20260921	1
OK2BMJ	JN89VC	20260921	1
OZ6TY	JO55XE	20260921	1
DA1DH	JN48PS	20260921	1
DG8OBN	JO42OC	20260921	1
IZ3LCP	JN65EN	20260921	1
OK2STV	JN89DO	20260921	1
I7OXH	JN90DB	20260921	1
DL6KDS	JO50JP	20260921	1
S53XX	JN76CF	20260921	1
OE5XBL	JN68PC	20260921	1
OM5MX	JN98BG	20260921	1
EI4GNB	IO63WE	20260921	1
OE/OL1P	JN77VN	20260921	1
DP6T	JO40PG	20260921	1
DL4SZB	JO63BO	20260921	1
OZ2M	JO55US	20260921	1
F6KRK	JN18AS	20260921	1
UY5BC	KN29RT	20260921	1
DL7ACN	JN49JC	20260921	1
NL8992	JO32FL	20260921	1
DK9TF	JO31NF	20260921	1
DF8HS	JO53DP	20260921	1
UT3WX	KN19RA	20260921	1
DG7YEO	JO31TX	20260921	1
HB9BHU	JN37XG	20260921	1
DL1DBR	JO41BN	20260921	1
GM8ZKU	IO97BJ	20260921	1
OM3KOM	JN98DV	20260921	1
MW8P	IO81HN	20260921	1
MW8R	IO82HP	20260921	1
US8AR	KO60RR	20260921	1
SM7XWX	JO65MO	20260921	1
DH2MIC	JN58VC	20260921	1
DP7X	JN49GB	20260921	1
DC9YC	JO31QK	20260921	1
GM8IEM	IO78HF	20260921	1
HB9BIN	JN37XH	20260921	1
SP1MHY	JO84BD	20260921	1
OZ3Z	JO44XX	20260921	1
YO5KAI/P	KN16JS	20260921	1
SM0NZY	JO89WI	20260921	1
OK1MAC/P	JN79OP	20260921	1
DL5DAW	JO31QH	20260921	1
DL8NAS	JN59MA	20260921	1
SM5DWF	JO88HE	20260921	1
EA2DR	IN83FD	20260921	1
HF5WIM	KO02MA	20260921	1
DF8JE	JO31ID	20260921	1
OK2BPN	JN89UF	20260921	1
UW5Y	KN18JT	20260921	1
DL0PBE/P	JO72CB	20260921	1
DH2SAV	JN48QU	20260921	1
IK2HKT	JN45VS	20260921	1
IU4CHE	JN64GB	20260921	1
I8KPV	JN70KO	20260921	1
DO1LUM	JO54KH	20260921	1
PA3BIY	JO22IB	20260921	1
IK0EQJ	JN61FO	20260921	1
OK1XGP/P	JO60KF	20260921	1
DL7AFB	JO62JA	20260921	1
TA4SO	KM47EE	20260921	1
DJ2QV	JN58UA	20260921	1
EU7SV	KO43HH	20260921	1
9A2QG	JN95EH	20260921	1
DP9X	JO50JP	20260921	1
OK2BQN	JN89TF	20260921	1
DH1FFD	JO40HF	20260921	1
PD0FSB	JO22JP	20260921	1
M0ITX	JO02MH	20260921	1
PD1BHZ	JO22UK	20260921	1
DL1ULN	JO51VD	20260921	1
IW2HAJ	JN44LW	20260921	1
DC1MAR	JN68LK	20260921	1
G8ONK	IO83MR	20260921	1
9A2RD	JN65TF	20260921	1
LY2SA	KO14UG	20260921	1
GW0GEI	IO72VE	20260921	1
DF2TX	JN59LN	20260921	1
DJ8JA	JO42XP	20260921	1
S57NAW	JN76PA	20260921	1
DL5MO	JO50JP	20260921	1
GM4OAS	IO76CX	20260921	1
OK1RKS	JO70FS	20260921	1
OK2WO	JN89IH	20260921	1
DL7MFD/P	JN68JE	20260921	1
DF0TEC	JO73CE	20260921	1
OM3WAN	JN88VP	20260921	1
F5DQK	JN18GR	20260921	1
LY1BWB	KO24PR	20260921	1
DL9DBF	JO40AV	20260921	1
DL9DBJ	JO31VH	20260921	1
SP9XWL	KN09MM	20260921	1
9A2SB	JN95GM	20260921	1
DL5NO	JN58VD	20260921	1
OK2BSP	JN99AK	20260921	1
G8IXK	IO91SV	20260921	1
IK5LWE	JN54QF	20260921	1
OZ7Z	JO45HD	20260921	1
G4DBL	IO91JO	20260921	1
DF2VJ	JN39LI	20260921	1
SP8WJW	KN09SR	20260921	1
OM0ATU	JN88MD	20260921	1
OM3KTR	JN88VL	20260921	1
DL5OO	JO42XI	20260921	1
OK1RMR	JO60QC	20260921	1
YO6BHN	KN25VU	20260921	1
UY5HF	KN66HP	20260921	1
OK1DDV/P	JN79EI	20260921	1
OZ1CT	JO75KB	20260921	1
SM7GVF	JO77GA	20260921	1
DL5OU	JO52EQ	20260921	1
OK2YT	JN88JX	20260921	1
OK8QC	JN89BS	20260921	1
SM6FHZ	JO57XJ	20260921	1
OM3KUK	JN99BB	20260921	1
SP6ZHP	JO81NC	20260921	1
OK2ZB	JN99CO	20260921	1
G4DCV	IO91OF	20260921	1
OK2ZC	JN89HI	20260921	1
OK2ZI	JN89AR	20260921	1
DH1LAI	JO43XX	20260921	1
I5MDE	JN53KM	20260921	1
UT9UR	KO40XD	20260921	1
DF8OI	JO50BP	20260921	1
DJ2VA	JO40KC	20260921	1
LY2VO	KO15PX	20260921	1
DG1KDD	JO31LE	20260921	1
9A2UV	JN95GM	20260921	1
DJ8MS	JO54VC	20260921	1
IW2BNA	JN45ON	20260921	1
OK1AHJ	JO70BF	20260921	1
PA3HFJ	JO11VL	20260921	1
IW4EHZ	JN54ML	20260921	1
EB3EPR	JN01DG	20260921	1
OK2HMR	JN99BU	20260921	1
DL3AMI	JO50MX	20260921	1
IZ5IOS	JN53KU	20260921	1
IN3AHO	JN56MJ	20260921	1
YL2AO	KO16DK	20260921	1
M0UHF	IO91IP	20260921	1
DL0HTW	JO60QU	20260921	1
IK3UNA	JN55NO	20260921	1
SP6TRX	JO71VQ	20260921	1
LY2WR	KO24FO	20260921	1
9A2VX	JN75EI	20260921	1
PE1CKK	JO22OF	20260921	1
IZ5IPB	JN53OM	20260921	1
ON7CL	JO20KT	20260921	1
F4CHA	JN08GS	20260921	1
DK4DJ	JO41CT	20260921	1
OZ1FF	JO45BO	20260921	1
OK1RPL	JN69QJ	20260921	1
DL5RJ	JN68GS	20260921	1
DF8QB	JO31MI	20260921	1
DL7ALM	JO62NK	20260921	1
IW1RHR	JN44OI	20260921	1
SP2CNW	JO93AI	20260921	1
DM1HD	JO31GD	20260921	1
DF8QK	JO30NS	20260921	1
SQ9NJE	KO00TD	20260921	1
LX1JX	JO30AB	20260921	1
GM4CXM	IO75TW	20260921	1
F8KCF/P	JN36CD	20260921	1
DL5SE	JO50XL	20260921	1
OH4LA	KP20LG	20260921	1
9ARS101	JN86JE	20260921	1
OM3KXT	JN98OV	20260921	1
G6WCG/P	IO93AD	20260921	1
F5JNX	JN37PV	20260921	1
OM3WGR	JN98FI	20260921	1
PA7BOR	JO21DL	20260921	1
F4IAA	JN05KB	20260921	1
DL0TEU	JO43WO	20260921	1
F6FDR	JO00WB	20260921	1
VA3BNC	FN25MK	20260921	1
OK7OSM	JO70VB	20260921	1
G8XVJ/P	IO93AD	20260921	1
HA5FB	JN97NN	20260921	1
ON7EQ	JO21FC	20260921	1
IK5AMB	JN54FF	20260921	1
9A2YF	JN85TI	20260921	1
YT7XT	JN95TI	20260921	1
LZ2EHO	KN13ME	20260921	1
LA3EQ	JO28XJ	20260921	1
HA9MDN	JN97PP	20260921	1
G4DHF	IO92UU	20260921	1
HA9MDP	JN87XP	20260921	1
OM0AB	KN08WW	20260921	1
M0UKR	JO02OR	20260921	1
F4CKC	JN25KB	20260921	1
DO5AMF	JN49FL	20260921	1
ON7FU	JO10MV	20260921	1
YU4PTT	KN04AC	20260921	1
F5DYD	IN86XW	20260921	1
OE3DMA	JN78TP	20260921	1
OK1RST	JO70CP	20260921	1
OL70KRT	JN99CL	20260921	1
DF8TM	JN49QH	20260921	1
OK1AME	JN69RI	20260921	1
SP6CPF	JO71PD	20260921	1
SP6CPH	JO81IG	20260921	1
OM5ZW	JN98AS	20260921	1
G0JCC	IO82MA	20260921	1
DC4LR	JO43PX	20260921	1
HB9HLM	JN36KW	20260921	1
F6DWG/P	JN19BQ	20260921	1
GW8ASD	IO83LB	20260921	1
DB8WK	JO33XN	20260921	1
F8CJS	JN23NI	20260921	1
9A0C	JO54ME	20260921	1
G1EZF	IO93FT	20260921	1
HA5HY	JN97PP	20260921	1
YP2DX	KN05IS	20260921	1
YL2FZ	KO37QI	20260921	1
F8NZQ	JN35AX	20260921	1
G3TCU	IO91QE	20260921	1
OK1XLS	JN79FP	20260921	1
F4IDT	JN16QN	20260921	1
DH5YM	JO61UC	20260921	1
9A0V	JN95PE	20260921	1
G0JDL	JO02SI	20260921	1
LZ4JD	KN22PU	20260921	1
DH4EAK	JO42LH	20260921	1
G3TDH	IO83WI	20260921	1
DL3MBG	JN67JX	20260921	1
9A1E	JN85QT	20260921	1
9A1I	JN85FS	20260921	1
9A1K	JN85JL	20260921	1
OK1AOI	JN69ST	20260921	1
9A1N	JN85LI	20260921	1
G4URT	IO82PU	20260921	1
9A1P	JN65VG	20260921	1
UT5UCP	KN32UP	20260921	1
DG4LQ	JO43TT	20260921	1
DM7EE	JO52JJ	20260921	1
CT1DIZ	IM58KP	20260921	1
9A1V	JN82IW	20260921	1
9A1W	JN75ST	20260921	1
DL1DQC	JO61VC	20260921	1
G5RS/P	IO91SH	20260921	1
IQ0HV	JN63OI	20260921	1
PE0F	JO21UU	20260921	1
DO4HZ	JO70HU	20260921	1
DL1JHR	JO60LN	20260921	1
DL3MCI	JN57UV	20260921	1
DG7NDV	JN59MI	20260921	1
DG0OVS	JO51HK	20260921	1
9A2B	JN75SK	20260921	1
9A2C	JN95IN	20260921	1
2E0NEY	IO81VK	20260921	1
DG4MH	JN39XB	20260921	1
DK4KH	JO54GE	20260921	1
9A2M	JN65TE	20260921	1
OL70KVK	JO60JJ	20260921	1
PA3BWE	JO22GB	20260921	1
9A2U	JN75RQ	20260921	1
YO9RIJ	KN35KF	20260921	1
DL0AC	JO30EJ	20260921	1
DF8XC	JO41FT	20260921	1
YL2IV	KO06OL	20260921	1
I7PHH	JN80PV	20260921	1
OM0FC	KN19DB	20260921	1
9A3K	JN65UF	20260921	1
DO1XRK	JO51MV	20260921	1
DB3BS	JO42EU	20260921	1
PE1OBL	JO21ET	20260921	1
DL5ZL	JO51JM	20260921	1
4Z5CP	KM72MT	20260921	1
DL7ATR	JO30DO	20260921	1
ON1TX	JO20GT	20260921	1
SQ9NRF	JO90PH	20260921	1
HA5LV	JN97ML	20260921	1
DL1DSR	JN49PU	20260921	1
DK4MD	JN68UQ	20260921	1
DB3CO	JO51MV	20260921	1
DK0A	JN48CO	20260921	1
SM7SPG	JO66MD	20260921	1
PE2V	JO32JH	20260921	1
9A4M	JN85EI	20260921	1
HA5MA	JN97MK	20260921	1
9A4P	JN85UH	20260921	1
DF4IAE	JN49IK	20260921	1
DL4ZBG	JO41QG	20260921	1
DG4OP	JO52BP	20260921	1
OK1MAC	JN79IO	20260921	1
9A4V	JN85RJ	20260921	1
OK3DM	JN79AV	20260921	1
OH6KTL	KP02OJ	20260921	1
DF4IAO	JN48WM	20260921	1
GM0OQV	IO85AT	20260921	1
RC6AL	KN96VD	20260921	1
F4TXU	JN23CX	20260921	1
EI8HH	IO53HN	20260921	1
PA3BYV	JO32NX	20260921	1
9A5G	JN75GK	20260921	1
IK0WGF	JN52VC	20260921	1
9A5M	JN95GO	20260921	1
I3JUK	JN55WI	20260921	1
9A5R	JN95MM	20260921	1
DH2SRM	JN48QQ	20260921	1
DF3BY	JN58XM	20260921	1
DL8ZAJ	JO40KD	20260921	1
G4UVZ	IO80KX	20260921	1
UA1OEJ	KP94VN	20260921	1
SO3Z	JO82LJ	20260921	1
9A5Y	JN85OO	20260921	1
UY5UF	KO50AD	20260921	1
9A6A	JN83GE	20260921	1
DK1X	JN49MP	20260921	1
DC1SHM	JN49ND	20260921	1
9A6C	JN73WS	20260921	1
IS0/I2SVA	JN40SX	20260921	1
OE4WHG	JN87DC	20260921	1
SP2IPK	JO93LR	20260921	1
OK1MBT	JO70CP	20260921	1
DL1DUR	JO70JW	20260921	1
DJ3AK	JO52GJ	20260921	1
9H1PA	JM75FV	20260921	1
DJ3AM	JO32RG	20260921	1
9A6K	JN95IS	20260921	1
DO1MEW	JO61FU	20260921	1
UR4WWT	KO20DC	20260921	1
SP5BIN	KO02KF	20260921	1
OK1XRP	JN79GS	20260921	1
ON7NP	JO20KT	20260921	1
ON7NQ	JO21HH	20260921	1
9A3AG	JN86HF	20260921	1
IW7DEC	JN81GF	20260921	1
G0JJG	JO02ME	20260921	1
YT2II	KN13IJ	20260921	1
LY3BF	KO24FO	20260921	1
PE1KL	JO21LQ	20260921	1
DL7AWO	JO62NM	20260921	1
HA5OO	JN97OM	20260921	1
DK2R	JN68GS	20260921	1
9A3AQ	JN75WS	20260921	1
OK1ATZ	JN79TX	20260921	1
G8DOH	IO92FA	20260921	1
IW2BZY	JN45NM	20260921	1
9A7D	JN95CI	20260921	1
DB1RLE	JN49QI	20260921	1
UW8SM	KN28IV	20260921	1
SP9SOO	JN99OV	20260921	1
9A7R	JN73QW	20260921	1
IK7UXU	JN81HE	20260921	1
IK7UXW	JN80XP	20260921	1
EA1U	IN83GJ	20260921	1
EA1W	IN73EM	20260921	1
MM7SWM	IO75UT	20260921	1
S54MI	JN65XM	20260921	1
DL7AXS	JO62LO	20260921	1
YL3GEA	KO37QM	20260921	1
SP3PWL	JO72UI	20260921	1
DL4NWD	JO63UA	20260921	1
DJ3CE	JN49HU	20260921	1
9A8D	JN95LM	20260921	1
GM0ULK	IO87RJ	20260921	1
EI8KN	IO62IE	20260921	1
OK1XTN	JN69TR	20260921	1
PA0JCA	JO22JG	20260921	1
DO1GPP	JO71FU	20260921	1
DO1AYJ	JO50TV	20260921	1
OK1AVP	JN69QS	20260921	1
OE/DJ3AK	JN66RS	20260921	1
IU1PZJ	JN34VG	20260921	1
DL1DXA	JN58TI	20260921	1
YU1AFV	JN94QH	20260921	1
DL5JMN	JO60LS	20260921	1
DL0GL	JO31KP	20260921	1
DL0GM	JO31UB	20260921	1
IU1PZX	JN35RB	20260921	1
DK4RA	JO50KQ	20260921	1
YO6XK	KN25BS	20260921	1
OM6CV	JN99LD	20260921	1
SM7YLS	JO65XM	20260921	1
SM6LPF	JO78CK	20260921	1
IQ0PG	JN63JF	20260921	1
SM6LPG	JO68VI	20260921	1
OK2TKE	JN89KE	20260921	1
9A3DF	JN73TS	20260921	1
2E0DGP/P	IO83RO	20260921	1
SP9BJV	JO90KG	20260921	1
F4CVO	JN38EN	20260921	1
IT9DJF	JM68IE	20260921	1
DL5DWF	JO71AA	20260921	1
OM6DN	JN99FI	20260921	1
EA4D	IN80KN	20260921	1
OK9ATD	JO70EA	20260921	1
OK1AXG	JO80BJ	20260921	1
OE3JPC	JN87EW	20260921	1
DH6BH	JO33TD	20260921	1
RA3LJ	KO64AS	20260921	1
DL2FFW	JO50LQ	20260921	1
UA6EC	LN14AE	20260921	1
G4JLG	IO83TM	20260921	1
F4CWN	JN03KN	20260921	1
EA3EBN	JN01LX	20260921	1
DJ3FE	JO30OL	20260921	1
I5YDI	JN54AA	20260921	1
EA1BHB	IN82EI	20260921	1
SM4ONW	JP70QN	20260921	1
F5VKV	JN33RR	20260921	1
DB9AX	JO52EJ	20260921	1
DL6AA	JO43JH	20260921	1
SM7HGY	JO86DR	20260921	1
DL6AM	JO42PH	20260921	1
DG4VW	JO61VB	20260921	1
GM4DIJ/P	IO74MU	20260921	1
DH0LS	JO61JF	20260921	1
I1BID	JN35VK	20260921	1
I3VJW	JN55MI	20260921	1
F4IPL	JN15OQ	20260921	1
HA5UA	JN97UM	20260921	1
DL6BF	JO32QI	20260921	1
IW2NNZ	JN45SN	20260921	1
OK2ZEO	JO70UR	20260921	1
DJ3AK/P	JO52IJ	20260921	1
HA5UK	JN97OM	20260921	1
IK7JNM	JN80XO	20260921	1
YR3T	KN34CI	20260921	1
PE1ITR	JO21QK	20260921	1
EA8TJ	IL18RJ	20260921	1
M0DSR	IO82XX	20260921	1
EA3EDU	JN01WK	20260921	1
G8JLY	IO82WG	20260921	1
DB3LO	JO51MV	20260921	1
DL3SFB	JN48CO	20260921	1
SP8LPL	KO01XJ	20260921	1
SQ2JUL	JO83XD	20260921	1
DL2LAB	JO52BQ	20260921	1
DJ3HW	JN48OR	20260921	1
9A/S53CC	JN64WT	20260921	1
DL0LB	JN49QA	20260921	1
DK4VW	JO40IT	20260921	1
PA7KY	JO32LR	20260921	1
ON4CDU	JO20GS	20260921	1
OK1GSB	JN79QF	20260921	1
OK1XZA	JN79MN	20260921	1
GM4UPB	IO86HD	20260921	1
GM4DIJ	IO85IW	20260921	1
F1EIT	JN03SJ	20260921	1
G8DVK	IO91IN	20260921	1
G8DVR	IO83SK	20260921	1
YR5C	KN16JS	20260921	1
SM5EPC	JP90CE	20260921	1
OK1XZS	JO70OF	20260921	1
TK2B	JN42QP	20260921	1
F1PYW	JO00VU	20260921	1
SP3KEY	JO71UT	20260921	1
DK4WW	JO62XE	20260921	1
SM5EPO	JP80MC	20260921	1
DL0MI	JO42KH	20260921	1
DL2LBK	JO43WG	20260921	1
DL7SEP	JN58XB	20260921	1
DJ3JD	JO52FD	20260921	1
OK1GTH	JO60LJ	20260921	1
DQ2C	JN48WM	20260921	1
G3CKR	IO93AD	20260921	1
YO3DMU	KN34BJ	20260921	1
EA1BLA	IN53XQ	20260921	1
OZ1DJJ	JO55CW	20260921	1
PA7MM	JO23SE	20260921	1
LA9DAA	JO48LO	20260921	1
OM0RW	JN99RC	20260921	1
OK1MLG	JO70GD	20260921	1
DL0NF	JN59PL	20260921	1
OU7M	JO47HC	20260921	1
G0FBB/P	JO01LD	20260921	1
OM3RBS	JN98KJ	20260921	1
RA4HJW	LO43XN	20260921	1
DB1RUL	JN49IG	20260921	1
YR7J	KN15FI	20260921	1
G4PIQ	JO02OD	20260921	1
DG1WIM	JO53FR	20260921	1
I3EHK	JN55SR	20260921	1
DL5JUL	JN58VC	20260921	1
DG0JMB	JO60LV	20260921	1
ON4EI/P	JO20EP	20260921	1
OE9MON	JN47VM	20260921	1
SP5BTN	KO02MF	20260921	1
G6GVI	IO83SN	20260921	1
SP7VVB	JO91VQ	20260921	1
LZ1JER	KN12NW	20260921	1
PE1OPK	JO23UE	20260921	1
SP8SN	KO11FI	20260921	1
DN1ADA	JN58VD	20260921	1
YT2TM	KN04AC	20260921	1
SQ6POB	JO73XP	20260921	1
VE1PZ	FN85PR	20260921	1
9A7KFF	JN75OG	20260921	1
OE5MRM	JN78CA	20260921	1
F4IVC	JN05MT	20260921	1
DF3OL	JO52EJ	20260921	1
NN4X	EL98JH	20260921	1
G5LK/P	JO01QD	20260921	1
SP2DDV	JO83VE	20260921	1
DF9GH	JN38WA	20260921	1
9A3MR	JN83CW	20260921	1
EA3BD	JN01ND	20260921	1
F5ELY	IN95NQ	20260921	1
IV3CVN	JN66OF	20260921	1
DD0VD	JO71DR	20260921	1
OK2TUH	JN88VW	20260921	1
EA3BR	JN01NI	20260921	1
9A3NI	JN65TF	20260921	1
OZ7UV	JO65DH	20260921	1
DD0VF	JO61TB	20260921	1
DJ9FC	JO54HC	20260921	1
I1BPU	JN45CS	20260921	1
DL0RD	JO31JJ	20260921	1
DH1AKY	JO50JP	20260921	1
DL3YCW	JO42HB	20260921	1
DL3YCX	JO32PC	20260921	1
EA3BZ	JN11KT	20260921	1
SM7NGR	JO65NK	20260921	1
G3ZNU	IO91PQ	20260921	1
UT4WT	KO20EC	20260921	1
DL1EBN	JO32LM	20260921	1
OM6NM	JN99JC	20260921	1
EA4AAE	IN80EJ	20260921	1
DF1HF/P	JO43VF	20260921	1
I4RHP	JN54QL	20260921	1
DL3YDP	JO31NN	20260921	1
SM4DHN	JP60VA	20260921	1
YO5AVN	KN17WW	20260921	1
DL5EAG	JO31EI	20260921	1
G0ARC/P	IO91EH	20260921	1
OK3TV	JO70CO	20260921	1
DL6JZ	JO61UA	20260921	1
OM0XA	KN09EC	20260921	1
DL4OCF	JO52IJ	20260921	1
DL3YEE	JO42IF	20260921	1
DH6MB	JO31PV	20260921	1
OK2IGL	JN89LD	20260921	1
DQ8N	JO50RK	20260921	1
I3EME	JN65AR	20260921	1
DD6OM	JO62OQ	20260921	1
YO7CW	KN24KU	20260921	1
DL8OAY	JO52AO	20260921	1
UA7R	KN64RM	20260921	1
OK1MRI	JO80BP	20260921	1
IK4LFI	JN54EL	20260921	1
SP8WW	KN19FM	20260921	1
DJ3QB	JO32QG	20260921	1
G0EAK	IO93NI	20260921	1
SP3QDM	JO82EF	20260921	1
DL7MUK	JO62SM	20260921	1
DJ9HR	JN47UV	20260921	1
DL5EBS	JO31NH	20260921	1
DL0TX	JN48UO	20260921	1
DJ9HX	JN49PG	20260921	1
DL0TZ	JN59LN	20260921	1
SP3QDX	JO81VP	20260921	1
DO1SMC	JN48WV	20260921	1
9A3QB	JN95HN	20260921	1
HB9CKC	JN36QS	20260921	1
IV3CYT	JN65SW	20260921	1
OE5BGN	JN68WS	20260921	1
DL0UM	JO40JU	20260921	1
IK1YEZ	JN45HB	20260921	1
DF3TE	JO30JP	20260921	1
9A3QV	JN95HM	20260921	1
SV2DCD	KN00PL	20260921	1
DG2SER	JN58OH	20260921	1
EA4ADJ	IM88JW	20260921	1
DL3MXX	JN58XA	20260921	1
DL6MK	JN49CD	20260921	1
DL6MR	JO51UI	20260921	1
Z32ZP	KN02RE	20260921	1
HB9CLN	JN47BH	20260921	1
9A3RU	JN85LI	20260921	1
DL0VR	JO31MH	20260921	1
DJ9JT	JO40FD	20260921	1
OK2OAS	JN89DO	20260921	1
DJ3SN	JN48SQ	20260921	1
PD0GTO	JO21FW	20260921	1
GW4HDF	IO81JO	20260921	1
F8DBF	IN78RI	20260921	1
DL0WB	JN48HH	20260921	1
9A3SM	JN85FW	20260921	1
DB9OH	JO52JI	20260921	1
I3VWK	JN55VR	20260921	1
LZ5AE	KN22PO	20260921	1
9A3ST	JN74BX	20260921	1
DL0WW	JN49FO	20260921	1
DL6OA	JO30WU	20260921	1
DK5AJ	JO51GO	20260921	1
M0PNN	IO82TS	20260921	1
HB9TTY	JN37XD	20260921	1
IK2OFO	JN45PB	20260921	1
PA3CMC	JO21WI	20260921	1
IK2OFS	JN45KP	20260921	1
YO9AYN	KN24SW	20260921	1
DL6ON	JO52AO	20260921	1
LY3UE	KO25XH	20260921	1
DL6OO	JO51PA	20260921	1
OM3RLA	JN98LB	20260921	1
9A3TN	JN85UH	20260921	1
DL2RDT	JN59WK	20260921	1
IK4RAS	JN54SJ	20260921	1
OK1SMY	JO60RF	20260921	1
IW8FEN	JN70GW	20260921	1
DL2LMS	JO61FG	20260921	1
G0VLJ	IO80SO	20260921	1
G8VHI	IO92FM	20260921	1
DL1EHR	JO31KD	20260921	1
DO4RAB	JN49HU	20260921	1
DG5DH	JO41DS	20260921	1
DG5DJ	JN58LI	20260921	1
OM6TX	JN99JK	20260921	1
IS0BSR	JN40PQ	20260921	1
DJ9MC	JN48WV	20260921	1
DJ9MG	JO52TC	20260921	1
9A/S59GS	JN74MD	20260921	1
DJ9MH	JO50FA	20260921	1
SP7EXY	KO00QV	20260921	1
DL1VPL	JO61UA	20260921	1
G3CKR/P	IO93AD	20260921	1
DL1EIP	JO31DF	20260921	1
OK1MWW	JN89DW	20260921	1
IK2OHG	JN45LM	20260921	1
OZ1JMN	JO46VE	20260921	1
DF3XZ	JO53AP	20260921	1
PE1OZS	JO22FA	20260921	1
IZ0CLS	JN54KK	20260921	1
DK0TEU	JO43WN	20260921	1
YU7PAA	KN05CG	20260921	1
IZ1ESM/IS0	JN40PQ	20260921	1
SP6URZ	JO71MD	20260921	1
YO9GSB	KN35JD	20260921	1
DJ3WE	JN58UB	20260921	1
CU1EZ	HM76KX	20260921	1
DF9PX	JO30JF	20260921	1
SV5BYR	KM46CK	20260921	1
IZ0CLS/6	JN63GN	20260921	1
DK5DQ	JO31QH	20260921	1
DK5DV	JO30XS	20260921	1
F4DHO	JN29II	20260921	1
OE3KAR	JN88DK	20260921	1
HB9CQL	JN37UM	20260921	1
DL1EMY/P	JO50JP	20260921	1
DF9QT	JO30OR	20260921	1
DF9QX	JO42HD	20260921	1
G4EFT	IO91RG	20260921	1
OK1DFC/P	JO70SP	20260921	1
G4EFX	IO83XR	20260921	1
DL6SH	JN48SW	20260921	1
F1EYB	JN23KK	20260921	1
IQ1CM	JN45AL	20260921	1
DK5EW	JN48MB	20260921	1
DF9RJ	JN68GS	20260921	1
DK5EZ	JO31NH	20260921	1
OK1MZM	JN89IW	20260921	1
DL2AAZ	JO52FE	20260921	1
IK5YJY	JN53PG	20260921	1
OE1HHB	JN88EE	20260921	1
IZ3GWJ	JN55TC	20260921	1
SV2JAO	KN10DN	20260921	1
OK1HBO	JN69JR	20260921	1
SP9HVV	KN09MT	20260921	1
DL1KDA	JO30EP	20260921	1
PA2DB	JO22MD	20260921	1
DC5JM	JO52IU	20260921	1
OK1HBT	JN78GS	20260921	1
EA1HRR	IN83JJ	20260921	1
MM0DXE	IO86OE	20260921	1
DL5KBG	JO31SB	20260921	1
SM5KWU	JO89IP	20260921	1
EI3IS	IO53JK	20260921	1
EA3EVJ	JN11CN	20260921	1
DL3SWS	JO53WH	20260921	1
PA2DX	JO23XE	20260921	1
DJ3ZF	JN49HW	20260921	1
DM2SKY/P	JN68GW	20260921	1
LZ5GM	KN32RM	20260921	1
UR5HVR	KN69TA	20260921	1
9A3ZA	JN75RO	20260921	1
DH0FAB	JO40KB	20260921	1
F6ANW	JN06EO	20260921	1
DB9VE	JN39HH	20260921	1
OM3RRC	JN99EH	20260921	1
OM3RRE	JN98FX	20260921	1
OH5EIL	KP41BA	20260921	1
DL2LSM	JO61GH	20260921	1
F0DMU	JO10LP	20260921	1
G1LPS	IO94EQ	20260921	1
S55DX	JN75FX	20260921	1
EI3KD	IO51VW	20260921	1
DF9TZ	JN48ST	20260921	1
OM1BM	JN88NC	20260921	1
9A1CCU	JN85LI	20260921	1
UR3WCC	KN19SG	20260921	1
IU4JJJ	JN54MS	20260921	1
PA4VHF	JO32JE	20260921	1
DL1KFS	JO30FQ	20260921	1
DJ9SN	JN58VC	20260921	1
G8IKP/P	IO80QR	20260921	1
DK5II	JO50LQ	20260921	1
G3SRT/P	IO82KV	20260921	1
HB9EGM/P	JN36BK	20260921	1
F1RJ	JN18AT	20260921	1
RK1AS	KP40UE	20260921	1
F4JDR	IN78UN	20260921	1
DK5IR	JN49IC	20260921	1
E71EDK	JN94GG	20260921	1
CT7BJG	IM57PN	20260921	1
GM4JTJ	IO86RP	20260921	1
UT5DL	KN18EP	20260921	1
DH4FAJ	JN49EX	20260921	1
IW2CTQ	JN45OO	20260921	1
F6AQB	JN38TP	20260921	1
OM1DA	JN88MD	20260921	1
9A5CCM	JN74UT	20260921	1
R1MC	KO59CU	20260921	1
OM1DK	JN87UU	20260921	1
DF9WB	JO30JF	20260921	1
OK4AS	JN89EX	20260921	1
F8DLS	JN19SE	20260921	1
DB4AD	JO41XM	20260921	1
G4KCT	IO93LW	20260921	1
9A1CFI	JN75PF	20260921	1
G2BQY	IO81RF	20260921	1
IW0FRR	JN61FU	20260921	1
DL4DAW	JO41IE	20260921	1
DL3NCR	JN48QX	20260921	1
SP3LX	JO81VO	20260921	1
IK4ADE	JN54OE	20260921	1
DG6YGE	JO42HF	20260921	1
DO1NPF/P	JN59QJ	20260921	1
I4GHG	JN63FU	20260921	1
PA3CWN	JO33AH	20260921	1
IK0RMR	JN61IS	20260921	1
HB9CXK	JN47PM	20260921	1
R1NW	KP71HU	20260921	1
PA3CWS	JO22RE	20260921	1
IQ3VO/VHFTEAM	JN55LP	20260921	1
DH1SBB	JN48TM	20260921	1
SP8AWL	KO11GG	20260921	1
DG2SRL	JO61HN	20260921	1
DL4DBX	JN59NK	20260921	1
DK1KC/P	JN58QH	20260921	1
DG0VOG	JO60QU	20260921	1
DC1NNN	JO60BE	20260921	1
OZ2ND	JO46LD	20260921	1
I3QJZ	JN55UI	20260921	1
PA0PVW	JO22VA	20260921	1
OE2UKL	JN68LA	20260921	1
DH1DM	JO61TB	20260921	1
HB9CYN	JN36RW	20260921	1
DL8DAU	JO40ME	20260921	1
DF8V	JN39LH	20260921	1
DH1DX	JO60CP	20260921	1
G6HIE	JO00DW	20260921	1
OZ2OE	JO45VV	20260921	1
DO1HLS	JN69HA	20260921	1
OK2IWU	JN89PV	20260921	1
OK4DJ	JN79UG	20260921	1
DM4EAX	JO31CS	20260921	1
OM1GX	JN88LK	20260921	1
IQ1KW	JN34OP	20260921	1
F6GLJ	IN94QS	20260921	1
F6GLQ	IN98BD	20260921	1
IQ1LA	JN44CC	20260921	1
DL1C	JO72AL	20260921	1
SQ9DDA	KO00MA	20260921	1
DK0CIR	JO42XT	20260921	1
OP5Y	JO20SS	20260921	1
DM2BHG	JO51MW	20260921	1
G4EPA	IO92KI	20260921	1
GM4PPT	IO75SK	20260921	1
HA6NQ	JN98WA	20260921	1
F4DRU	JN29LN	20260921	1
IK0RPV	JN62JD	20260921	1
SP8XXN	KO02LC	20260921	1
DK5OA	JO52GH	20260921	1
HA6NY	JN98WC	20260921	1
IK2DDR	JN55GN	20260921	1
UA3MIF	KO98IB	20260921	1
SP4K	KO03GS	20260921	1
IK3ERQ	JN65AR	20260921	1
M1ABK	IO92QN	20260921	1
DL2L	JN68DT	20260921	1
DL2AKT	JO50NV	20260921	1
DK5OX	JN59MO	20260921	1
OM7AC	JN98NO	20260921	1
DK5OY	JO52BO	20260921	1
F6GNJ	JN08TV	20260921	1
DG5RC	JN69HA	20260921	1
EB1B	IN73DM	20260921	1
DK5PD	JN39VV	20260921	1
G8EOP	IO93EQ	20260921	1
DO5HMK	JO60DX	20260921	1
IK3VZO	JN55XA	20260921	1
DL2ALF	JO50IW	20260921	1
DL1EZ	JO30WH	20260921	1
F1FCA	JN39BC	20260921	1
PD0HCV	JO21VU	20260921	1
M0KEP	IO91IQ	20260921	1
IX1CKN	JN35PR	20260921	1
F4IUL/P	JN25TD	20260921	1
OE/OK1FEN	JN77KR	20260921	1
OK1HMP	JO70EB	20260921	1
DL2RTG	JO62KW	20260921	1
DK5QN	JO42EA	20260921	1
9A4CD	JN75XS	20260921	1
DL4M	JO31QX	20260921	1
EA3XU	JN11CK	20260921	1
XT2MW	JN27RA	20260921	1
DL1GI	JN49EH	20260921	1
VE2GT	FN36KA	20260921	1
9A4CW	JN95AE	20260921	1
G4ZAP/P	JO01PU	20260921	1
DL6GCK	JN47OR	20260921	1
DK5RF	JN67CP	20260921	1
IB1E	JN44GK	20260921	1
F6GPT	IN94SV	20260921	1
9A1CMS	JN86DM	20260921	1
9A4DE	JN86FJ	20260921	1
9A4DK	JN85LL	20260921	1
OP5Y/P	JO20SS	20260921	1
PD4HDB	JO32HN	20260921	1
SP5IDR	KO01VU	20260921	1
G3OVH	IO92JP	20260921	1
SP8K	KO10DK	20260921	1
IN3HOG	JN63GN	20260921	1
DH1JY	JO31MG	20260921	1
OM1MJ	JN88PE	20260921	1
DM2VV	JO62RO	20260921	1
DL0DLE	JO60BH	20260921	1
F6GRA	JN04DB	20260921	1
F6GRB	JN25KO	20260921	1
DK3YB/P	JO62FP	20260921	1
DF4HA	JO43WO	20260921	1
OK2ULQ	JN99AK	20260921	1
DK5TA	JN68GI	20260921	1
SP4MPB	KO03HT	20260921	1
DK5TI	JO50LQ	20260921	1
IU8JTA	JN70HT	20260921	1
DL2RWM	JO62RJ	20260921	1
OK1BYR	JN79IP	20260921	1
DD7EQ	JO31IG	20260921	1
GW4HXO	IO71JV	20260921	1
PA4EME	JO20WX	20260921	1
OZ1EFW	JO56EL	20260921	1
SV1NZX	KM17VV	20260921	1
DL7AT	JO53CL	20260921	1
G2D	JO01JA	20260921	1
PA2RU	JO32LT	20260921	1
IU3CQP	JN65DM	20260921	1
G2L	JO01RJ	20260921	1
M0NFD/P	IO94MJ	20260921	1
OV3T	JO46CM	20260921	1
G2N	JO02QV	20260921	1
OK2DGB	JN89HE	20260921	1
ON8TT	JO20SS	20260921	1
G1GEY	IO94HC	20260921	1
DD1OP	JO42NG	20260921	1
YO2MPK/P	KN15GG	20260921	1
OM1PF	JN88ST	20260921	1
YO4FYQ	KN44FD	20260921	1
DL2ARD	JO50RK	20260921	1
G3R	IO93AD	20260921	1
G3V	IO91TU	20260921	1
F4JQT	JN03UK	20260921	1
OM1PU	JN88PC	20260921	1
DR0X	JO33WQ	20260921	1
DG1ROD	JO62JL	20260921	1
KB2KIR	FN22EN	20260921	1
PI4AMF	JO22QF	20260921	1
DL2MAJ	JN58JD	20260921	1
DL7CX	JO60FJ	20260921	1
GM3HAM/P	IO74MU	20260921	1
G4G	IO94AK	20260921	1
HB9DBR	JN47FK	20260921	1
9A1CRJ	JN95HN	20260921	1
DR1H	JN59OP	20260921	1
DG5YL	JN58PE	20260921	1
DK5WN	JO50HV	20260921	1
DK5WO	JO30AS	20260921	1
DL3HXS	JO61BT	20260921	1
DR1T	JO50KQ	20260921	1
OK2DIK	JN89XT	20260921	1
IW2DAL	JN45NN	20260921	1
DG2NES	JO50TI	20260921	1
G5B	IO92WS	20260921	1
DH1OK	JN48RW	20260921	1
SM6BFE	JO68DQ	20260921	1
G5H	JO01RI	20260921	1
SP8MRD	KO00XC	20260921	1
DR2L	JO41PU	20260921	1
SM6MVE	JO67KW	20260921	1
PA1AHM	JO31CB	20260921	1
9A3LET	JN86FJ	20260921	1
DR2Q	JO50SF	20260921	1
G0KSC	JO01GM	20260921	1
YO8RHM	KN37GR	20260921	1
IQ1VM	JN44OR	20260921	1
DR2T	JO42EV	20260921	1
OM1RV	JN88NC	20260921	1
YO5BQQ	KN17KT	20260921	1
DR2X	JO40QL	20260921	1
DL1KVS	JO64BB	20260921	1
OK2OZL	JN89UE	20260921	1
UT5ST	KN28IX	20260921	1
PE2TV	JO32GH	20260921	1
DH1PS	JO31NO	20260921	1
I3FGX	JN55VI	20260921	1
SP6VGJ	JO81HU	20260921	1
YO2GL	KN05OS	20260921	1
DK0NA/P	JO50JP	20260921	1
DL6AST	JO44GQ	20260921	1
DO1NPF	JN59QJ	20260921	1
IW3HWT/3	JN55VU	20260921	1
DL1OJ	JO42QI	20260921	1
HA1AG	JN87TO	20260921	1
SQ5HG	KO01NJ	20260921	1
NO3I	EN90TX	20260921	1
OE1ILW/P	JN77XX	20260921	1
DL2MDU	JN58RF	20260921	1
OM1TF	JN88NG	20260921	1
OE1W	JN77TX	20260921	1
DL3ZAE	JN58TF	20260921	1
DR4M	JO50UR	20260921	1
OK1TEH	JO70FD	20260921	1
DK0BC	JN48RN	20260921	1
DR4W	JN59SV	20260921	1
IZ1EPM	JN35TB	20260921	1
DK0BM	JN58UJ	20260921	1
DK0BN	JN39VV	20260921	1
GI1CET	IO74DS	20260921	1
IW5BUX	JN54PF	20260921	1
E77AR	JN94AS	20260921	1
DR5A	JO30EM	20260921	1
DL1PP	JN48HH	20260921	1
DR5C	JO41UW	20260921	1
2E0OUT	IO81WO	20260921	1
PD0HNL	JO21RV	20260921	1
DR5M	JN59SV	20260921	1
G8T	JO01NC	20260921	1
DF4OR	JN49CD	20260921	1
OK1HWU	JO70TP	20260921	1
SA6BUN	JO78CP	20260921	1
DR5T	JN47KW	20260921	1
DL1QC	JO52WE	20260921	1
DR5W	JO61OX	20260921	1
HA1CA	JN86HN	20260921	1
DL8UWE	JO71DT	20260921	1
F2CT	IN93GJ	20260921	1
M0N	IO91RR	20260921	1
EA5IEA	IM97JV	20260921	1
DK0CW	JO40HE	20260921	1
DL1FAR	JO40CB	20260921	1
IZ3BUI	JN55ST	20260921	1
DD7MH	JN68HD	20260921	1
RO3X	KO73FU	20260921	1
DG0FE	JO62UN	20260921	1
M1B	IO82LB	20260921	1
OK1NPF	JO70UK	20260921	1
SM0PYH	JO99DK	20260921	1
UX5UL	KO50FL	20260921	1
M1L	IO91AU	20260921	1
IQ1ZW	JN44LJ	20260921	1
VK5KK	JN09SB	20260921	1
DR7B	JO61KB	20260921	1
DR7C	JO50WB	20260921	1
SM0KAK	JO89XK	20260921	1
DL2GPK	JN47MX	20260921	1
G4KUX	IO94BP	20260921	1
OZ8VO	JO56BL	20260921	1
YT3WA	KN04GT	20260921	1
DR7R	JO31DF	20260921	1
F5LEN	JN38BO	20260921	1
OE5D	JN68PC	20260921	1
UY4W	KN29DP	20260921	1
DL1SE	JO50LQ	20260921	1
IZ1ESM	JN45FB	20260921	1
F1FPL	JN09LE	20260921	1
9A4OP	JN75UR	20260921	1
SM0EJY	JO89SC	20260921	1
DL7JV	JO62QL	20260921	1
S53DRM	JN76JC	20260921	1
MW0LKX/P	IO82KL	20260921	1
E77DX	JN84IX	20260921	1
DL4DTU	JO61TB	20260921	1
OK1CBA	JO70KK	20260921	1
IK4GNG	JN64FB	20260921	1
OK1CBB	JO70OS	20260921	1
M1AQJ	IO83WJ	20260921	1
IZ0UME	JN61IQ	20260921	1
9A4PB	JN75DI	20260921	1
DK0FC	JO43HB	20260921	1
DH2UAK	JO71FU	20260921	1
IV3DXW	JN65QQ	20260921	1
G4KWQ	IO92AQ	20260921	1
M3P	IO91IN	20260921	1
DR9A	JN48EQ	20260921	1
OE6V	JN76VT	20260921	1
E70T	JN84TO	20260921	1
DH1VY	JN39KF	20260921	1
DC0KB	JN49KF	20260921	1
DA2R	JN69EM	20260921	1
IN3CCD	JN56NB	20260921	1
DA2T	JO41QW	20260921	1
DH1WM	JN49AC	20260921	1
9A4QV	JN75BA	20260921	1
DL6MHW	JO52TG	20260921	1
G8LNR/P	IO81VR	20260921	1
IZ0DHC	JN62BK	20260921	1
DK4SL/P	JO44SN	20260921	1
DL5FCW	JO40EA	20260921	1
OK1CDJ	JN79US	20260921	1
DA3T	JO71EC	20260921	1
UA6LJV	KN97LE	20260921	1
M0KUM	JO02QV	20260921	1
YO2LEL/P	KN15AD	20260921	1
HA3FMR	JN97NM	20260921	1
IU2SVO	JN45PQ	20260921	1
OE8Q	JN76JM	20260921	1
HA2D	JN87TB	20260921	1
DL5FDP	JN49LP	20260921	1
9A5CZK	JN95AD	20260921	1
DL3IAE	JN49DG	20260921	1
E72U	JN94JU	20260921	1
HA2R	JN87UE	20260921	1
OZ8ZS	JO55RT	20260921	1
DL1WA	JO60IQ	20260921	1
DL3IAS	JN49BO	20260921	1
DK0IL	JN58BH	20260921	1
DL6SAQ	JN58CK	20260921	1
OK1ZDA	JN69NX	20260921	1
DM3DG	JO51MV	20260921	1
DJ4TC	JO63PN	20260921	1
M6R	JO02QV	20260921	1
DK6AC	JO52IJ	20260921	1
F5LJA	JN19BQ	20260921	1
I5CTE	JN53XG	20260921	1
OK2PBR	JN89SS	20260921	1
F2JD	JN25XQ	20260921	1
OK2DTF	JN89NE	20260921	1
DK6AS	JO52JJ	20260921	1
DN4RCE	JN69HA	20260921	1
PA0A	JO33DE	20260921	1
F8KHO/P	JN29HA	20260921	1
F4KJP/P	JN29LN	20260921	1
OK2A	JO60JJ	20260921	1
F1RDL	JN23VE	20260921	1
OK2C	JN99AJ	20260921	1
PA0O	JO33HG	20260921	1
EA4IN	IM79XT	20260921	1
OK2L	JN99BN	20260921	1
PA0S	JO21FW	20260921	1
OK2M	JN69UN	20260921	1
PA0T	JO33JC	20260921	1
OK2O	JN89IW	20260921	1
PA0V	JO33II	20260921	1
OK2R	JN89JM	20260921	1
EI4EY	IO52QP	20260921	1
DH1NAS	JO50ID	20260921	1
DH1NAX	JO50TI	20260921	1
UX0DL	KN18PE	20260921	1
EA4JM	IN80EJ	20260921	1
HA5S	JN97FQ	20260921	1
PA1Q	JO21GM	20260921	1
HA5T	JN97ML	20260921	1
IM0/I2KQE	JM49EA	20260921	1
ON4CJQ/P	JO20KW	20260921	1
S53JPQ	JN75RX	20260921	1
PA3DOL	JO22MT	20260921	1
EA5/G8MBI	IM98SI	20260921	1
DL7QX	JN48QX	20260921	1
DL7QY	JN59BD	20260921	1
F4EGZ	JN15MR	20260921	1
DC6HG	JO42NE	20260921	1
OK4C	JO60LJ	20260921	1
F8DO	JN26IF	20260921	1
DH2UHE	JO52TD	20260921	1
PA2M	JO21IP	20260921	1
G4DSP/P	IO92VU	20260921	1
DJ4WT	JN49EL	20260921	1
CT1FCX	IM59LG	20260921	1
OK1FWG/P	JO60KJ	20260921	1
HA6W	KN08FB	20260921	1
DH5NAH	JN58RJ	20260921	1
DC5IMM	JO60TW	20260921	1
PA2V	JO22IM	20260921	1
SM0ERR	JO89WJ	20260921	1
SM4EPR	JO76SJ	20260921	1
M0WID	IO91WF	20260921	1
DM3HA	JO61QN	20260921	1
OK4Y	JN79GO	20260921	1
9A4WT	JN95IM	20260921	1
HB9DQP	JN46KE	20260921	1
PA3C	JO33FD	20260921	1
9A4WY	JN75BC	20260921	1
E77P	JN83PX	20260921	1
IK3FHP	JN65KO	20260921	1
OK1CJH	JO60LJ	20260921	1
SP5UFK	KO02TN	20260921	1
DK0NA	JO50TI	20260921	1
G3PHO	IO93GG	20260921	1
OK5G	JN99FU	20260921	1
E77Z	JN93FW	20260921	1
OK1ZHS	JN79US	20260921	1
DG0PF	JO50JP	20260921	1
OK5K	JN89VP	20260921	1
F4EIH	IN88LA	20260921	1
OK5P	JO70UK	20260921	1
DG1E	JO31LE	20260921	1
IZ7NLJ	JN81MA	20260921	1
OK5T	JO70BK	20260921	1
OK1ZIA	JN69UN	20260921	1
OK5Y	JN79FV	20260921	1
PJ4MM	FK52VE	20260921	1
OK5Z	JN89AK	20260921	1
OK1IBI	JO60EG	20260921	1
SP6KEP	JO90CK	20260921	1
F1RHS	JN03PV	20260921	1
US8ICM	KN74DT	20260921	1
RU6B	KN94MC	20260921	1
IZ3NOC	JN55VC	20260921	1
HA8V	KN06HT	20260921	1
OK6M	JN99CR	20260921	1
DL4VDA	JN59WL	20260921	1
DH6DAO	JO41CN	20260921	1
OK6R	JN79OW	20260921	1
PA4Y	JO21FM	20260921	1
OK1TRW	JO70HC	20260921	1
I0YLI	JN61HU	20260921	1
M0UGA/P	IO91GI	20260921	1
YO4GJH	KN35XG	20260921	1
DL7TY	JO62RJ	20260921	1
DK2AY/P	JO42PC	20260921	1
DL1FMP	JN58VD	20260921	1
DL7UE	JO62PO	20260921	1
F4VRB	IN98PT	20260921	1
IK2JUG	JN45MH	20260921	1
PA3DSB	JO21RJ	20260921	1
OK7L	JN79FV	20260921	1
F4EKH	IN97OB	20260921	1
OK7O	JN69OU	20260921	1
HG1A	JN86MM	20260921	1
G3MDG/P	IO91QS	20260921	1
G0LBK	JO03BD	20260921	1
DL7UP	JN57MT	20260921	1
F4VRO	JN33BL	20260921	1
SM2BYC	KP25AX	20260921	1
M3DVQ	IO93QA	20260921	1
DK0PU	JO31JN	20260921	1
G4HGT/P	IO94CB	20260921	1
I4BME	JN54QL	20260921	1
OK2PIM	JN89VI	20260921	1
DG3T	JO40FD	20260921	1
HG1Z	JN86KU	20260921	1
IT9KXK	JM68QA	20260921	1
DL9LBH	JN59ID	20260921	1
YU5PD	KN04CD	20260921	1
PD3MDM	JO32KF	20260921	1
HB9DUK	JN46DX	20260921	1
F4VSO	IN98PT	20260921	1
SP2ERZ	JO94HI	20260921	1
S50NB	JN86GM	20260921	1
PA2TMS	JO23KC	20260921	1
GM0WDD	IO85LV	20260921	1
F1ADG	JN36DD	20260921	1
IC8FAX	JN70CN	20260921	1
9A/S52W	JN74FM	20260921	1
F4ELX	JN38TQ	20260921	1
OK1IEI	JO70EC	20260921	1
YO4AUL	KN44HE	20260921	1
PA3PCV	JO20VV	20260921	1
YP2DX/P	KN06UG	20260921	1
OK2PKD	JN99BL	20260921	1
F4VTP	JN14AT	20260921	1
DL6YBF	JO31OX	20260921	1
DM2ST/P	JO63RI	20260921	1
GW7SMV	IO81LO	20260921	1
YO2YA	KN05XR	20260921	1
DM3MS	JO62IH	20260921	1
DL2YDS	JO42BC	20260921	1
OK1TVL	JO70SD	20260921	1
G6TVB	IO92NG	20260921	1
F6BQU	JN38SP	20260921	1
OM2DT	JN88QS	20260921	1
OE1ILW	JN77XX	20260921	1
9A/S54O	JN74FM	20260921	1
PA2CHR	JO32DB	20260921	1
HB9DWK	JN47PK	20260921	1
OH1LEU	KP01VF	20260921	1
PA0FEI	JO33BC	20260921	1
ON7FI/P	JO20BI	20260921	1
F6IFX/P	IN87XC	20260921	1
DK0SU	JN48NR	20260921	1
SQ2RAD	JO94GM	20260921	1
OK5AW	JO70SL	20260921	1
OE6PPF	JN77IF	20260921	1
DL4EAU	JO41XL	20260921	1
DG6ME	JO51KV	20260921	1
DG5GSA	JN38VG	20260921	1
F1RMS	JN06EO	20260921	1
G0WUU	IO93KT	20260921	1
PA9R	JO22JK	20260921	1
IK0SMG	JN61GP	20260921	1
DK0TF	JO62MA	20260921	1
F1AFZ	JN17AV	20260921	1
EA3ABZ	JN11CP	20260921	1
OE5CTL	JN68XA	20260921	1
DM3OA	JO63UW	20260921	1
DH9NFM	JO50RF	20260921	1
DL7YS	JO62NM	20260921	1
DK0TR	JO40QL	20260921	1
DF1LON	JO31HG	20260921	1
G4LDR	IO91EC	20260921	1
DG0VV	JO62RM	20260921	1
HB9BAT/P	JN37SG	20260921	1
DL4EBW	JO31NH	20260921	1
DO6JH	JO51TX	20260921	1
PA0WMX	JO21XI	20260921	1
HA5OLA	JN97IL	20260921	1
SQ4INW	JO93VS	20260921	1
DO1CTL	JO60PO	20260921	1
F4VWH	JN35BS	20260921	1
DL7ZN	JO62OJ	20260921	1
HG6K	JN97DQ	20260921	1
G0LGS	IO81WV	20260921	1
DL7ZZ	JO42SU	20260921	1
HG6N	JN98VD	20260921	1
IW3QTG	JN65PT	20260921	1
IN3IIC	JN63GN	20260921	1
IQ8BI	JN63NJ	20260921	1
OK2PNQ	JN89LE	20260921	1
HG6Z	JN97WV	20260921	1
OK1CRM	JN69KK	20260921	1
MW0CXH	IO71VQ	20260921	1
DO3LGI	JO50LQ	20260921	1
DL2CC	JN48WM	20260921	1
I1FY	JN45CN	20260921	1
HG7F	JN97KR	20260921	1
F6HLD	JN26JL	20260921	1
G8FMC	IO91NW	20260921	1
HA1VQ	JN87GJ	20260921	1
OK1OAZ	JO70FC	20260921	1
DK6NJ	JN59WL	20260921	1
DC6RN	JN59WK	20260921	1
IW1CKM	JN44HV	20260921	1
OM6ABF	JN98KX	20260921	1
HA7NK	JN97WW	20260921	1
HA1WA	JN87IH	20260921	1
F8KGU	JN19BQ	20260921	1
HA1WD	JN87IF	20260921	1
OM2ADM	JN87WV	20260921	1
S50TA	JN76LL	20260921	1
UT6IO	KN97GT	20260921	1
HA7NS	JN97WM	20260921	1
OK5ET	JN69QS	20260921	1
DK5KMA	JO50IK	20260921	1
IZ8DSX	JN71HA	20260921	1
DM1W	JO61CA	20260921	1
F6BVA	JN33AD	20260921	1
LY5AT	KO24LR	20260921	1
DD2HZ	JO53EP	20260921	1
DL2DX	JO61XC	20260921	1
SQ4O	KO13ND	20260921	1
IK7FPU	JN71SU	20260921	1
IK2PTR	JN45QA	20260921	1
YO6XK/YO2KAR	KN15IU	20260921	1
EW1OW	KO33SU	20260921	1
M0AFJ/P	IO70JF	20260921	1
OK1OCL	JO70EQ	20260921	1
EC4DPC	IN80CF	20260921	1
DF5DE	JO40CX	20260921	1
F1RRJ	JN09WA	20260921	1
F8KID	JN38AT	20260921	1
SQ5J	KO02KF	20260921	1
PE1EWR	JO11SL	20260921	1
SQ5N	KO02LH	20260921	1
DG5SFW	JN49PF	20260921	1
DO6NI	JO50NQ	20260921	1
SQ9PUT	JN99UU	20260921	1
IU7OZL	JN80WK	20260921	1
I1DDS	JN35WC	20260921	1
DL9RAR	JN68HW	20260921	1
F4KKV	IN98OJ	20260921	1
HA1YA	JN87FI	20260921	1
F0EGV/P	JN19MI	20260921	1
GM4WJA	IO87MN	20260921	1
DL9RAZ	JN68KW	20260921	1
G4LIP	IO92JL	20260921	1
OK1IME	JO70FB	20260921	1
DL2FQ	JN49EW	20260921	1
DK0YY	JN37TO	20260921	1
SW8YA	KN20HS	20260921	1
OE3FVU	JN78VE	20260921	1
OM2KI	JN88OG	20260921	1
G3VKV	IO81XV	20260921	1
IZ8DVD	JM88DX	20260921	1
DL6HBQ	JO53CQ	20260921	1
E7CW	JN94DS	20260921	1
DK0ZB	JO42ID	20260921	1
F4KLS	JN25JU	20260921	1
YO8SAO	KN36KN	20260921	1
IA5/IW2MXY	JN52CT	20260921	1
DK6QW	JO31LO	20260921	1
G4FSG	JO02PC	20260921	1
HG8YKO	KN06GU	20260921	1
SQ7D	JO91WU	20260921	1
OT5A/P	JO20SS	20260921	1
9A5CW	JN65XF	20260921	1
9A5CY	JN85OO	20260921	1
OH6XX	KP30FR	20260921	1
F4KMI	JO00QB	20260921	1
F6BYJ	JN05DR	20260921	1
OZ1FDH	JO65CS	20260921	1
Z30A	KN11CE	20260921	1
YT0A	KN04CD	20260921	1
DM5B	JO60WT	20260921	1
DM5D	JO61OC	20260921	1
DH8AF	JO32PC	20260921	1
OM2LM	JN98DG	20260921	1
DM5F	JO71ES	20260921	1
DM5M	JO51IJ	20260921	1
DG1YBN	JO31VX	20260921	1
OK5IM	JO70UD	20260921	1
DG0LFG	JO61HG	20260921	1
GM4FEI	IO86PL	20260921	1
IK8BIZ	JN70EU	20260921	1
DF5GO	JO62RJ	20260921	1
DF9ME/P	JN68OT	20260921	1
MW0OMB	IO81HN	20260921	1
F6HRE	IN93GK	20260921	1
DD2ML	JN68GI	20260921	1
DD8DW	JO31WO	20260921	1
G4FUF	JO01GN	20260921	1
OK2VLT	JN99CS	20260921	1
DF5HD	JO43WN	20260921	1
SQ9D	JO90HG	20260921	1
